Name	Protein id	Contig id	Start	Stop	Strand	Element symbol	Element name	Scope	Type	Subtype	Class	Subclass	Method	Target length	Reference sequence length	% Coverage of reference	% Identity to reference	Alignment length	Closest reference accession	Closest reference name	HMM accession	HMM description
ERR16718582	ERR16718582_00303	gnl|Bactopia|ERR16718582_1	320541	321773	-	kdeA	multidrug efflux MFS transporter KdeA	plus	AMR	AMR	EFFLUX	EFFLUX	BLASTP	410	410	100.00	99.51	410	ABR76310.1	multidrug efflux MFS transporter KdeA	NA	NA
ERR16718582	ERR16718582_03463	gnl|Bactopia|ERR16718582_12	137535	139247	+	ybtP	yersiniabactin ABC transporter ATP-binding/permease protein YbtP	plus	VIRULENCE	VIRULENCE	NA	NA	BLASTP	570	600	95.00	99.65	570	CAA21388.1	yersiniabactin ABC transporter ATP-binding/permease protein YbtP	NA	NA
ERR16718582	ERR16718582_03464	gnl|Bactopia|ERR16718582_12	139234	141036	+	ybtQ	yersiniabactin ABC transporter ATP-binding/permease protein YbtQ	plus	VIRULENCE	VIRULENCE	NA	NA	BLASTP	600	600	100.00	99.83	600	AAC69584.1	yersiniabactin ABC transporter ATP-binding/permease protein YbtQ	NA	NA
ERR16718582	ERR16718582_03818	gnl|Bactopia|ERR16718582_14	114628	115488	+	blaSHV-11	broad-spectrum class A beta-lactamase SHV-11	core	AMR	AMR	BETA-LACTAM	BETA-LACTAM	ALLELEP	286	286	100.00	100.00	286	WP_004176269.1	broad-spectrum class A beta-lactamase SHV-11	NF000285.3	SHV family class A beta-lactamase
ERR16718582	ERR16718582_04025	gnl|Bactopia|ERR16718582_15	144426	144848	-	fosA	FosA5 family fosfomycin resistance glutathione transferase	core	AMR	AMR	FOSFOMYCIN	FOSFOMYCIN	BLASTP	140	139	99.28	99.28	138	WP_004146118.1	FosA5 family fosfomycin resistance glutathione transferase	NF040540.1	FosA5 family fosfomycin resistance glutathione transferase
ERR16718582	ERR16718582_01033	gnl|Bactopia|ERR16718582_2	400179	401363	+	emrD	multidrug efflux MFS transporter EmrD	plus	AMR	AMR	EFFLUX	EFFLUX	BLASTP	394	394	100.00	99.49	394	ACN65732.1	multidrug efflux MFS transporter EmrD	NA	NA
ERR16718582	ERR16718582_04530	gnl|Bactopia|ERR16718582_20	39711	40613	-	fieF	CDF family cation-efflux transporter FieF	plus	STRESS	METAL	NA	NA	EXACTP	300	300	100.00	100.00	300	BAB89353.1	CDF family cation-efflux transporter FieF	NA	NA
ERR16718582	ERR16718582_05060	gnl|Bactopia|ERR16718582_27	27000	27476	+	dfrA50	trimethoprim-resistant dihydrofolate reductase DfrA50	core	AMR	AMR	TRIMETHOPRIM	TRIMETHOPRIM	BLASTP	158	158	100.00	98.73	158	WP_040203768.1	trimethoprim-resistant dihydrofolate reductase DfrA50	NF047323.1	trimethoprim-resistant dihydrofolate reductase DfrA50
ERR16718582	ERR16718582_01149	gnl|Bactopia|ERR16718582_3	30794	31969	+	oqxA	multidrug efflux RND transporter periplasmic adaptor subunit OqxA	core	AMR	AMR	PHENICOL/QUINOLONE	PHENICOL/QUINOLONE	EXACTP	391	391	100.00	100.00	391	WP_002914189.1	multidrug efflux RND transporter periplasmic adaptor subunit OqxA	NF000272.1	multidrug efflux RND transporter periplasmic adaptor subunit OqxA
ERR16718582	ERR16718582_01150	gnl|Bactopia|ERR16718582_3	31993	35145	+	oqxB	multidrug efflux RND transporter permease subunit OqxB	core	AMR	AMR	PHENICOL/QUINOLONE	PHENICOL/QUINOLONE	BLASTP	1050	1050	100.00	99.81	1050	WP_016947602.1	multidrug efflux RND transporter permease subunit OqxB25	NF000037.1	multidrug efflux RND transporter permease subunit OqxB
ERR16718582	ERR16718582_01483	gnl|Bactopia|ERR16718582_3	380763	381185	-	arsC	glutaredoxin-dependent arsenate reductase	plus	STRESS	METAL	ARSENIC	ARSENATE	HMM	140	141	98.58	79.14	139	AAA21096.1	glutaredoxin-dependent arsenate reductase	NF007456.1	glutaredoxin-dependent arsenate reductase
ERR16718582	ERR16718582_05474	gnl|Bactopia|ERR16718582_40	2820	3695	+	blaCTX-M-14	extended-spectrum class A beta-lactamase CTX-M-14	core	AMR	AMR	BETA-LACTAM	CEPHALOSPORIN	ALLELEP	291	291	100.00	100.00	291	WP_001617865.1	extended-spectrum class A beta-lactamase CTX-M-14	NF033089.1	CTX-M family extended-spectrum class A beta-lactamase
ERR16718582	ERR16718582_05547	gnl|Bactopia|ERR16718582_42	13450	14079	-	aph(6)-Id	aminoglycoside O-phosphotransferase APH(6)-Id	core	AMR	AMR	AMINOGLYCOSIDE	STREPTOMYCIN	PARTIALP	209	278	75.18	99.52	209	WP_000480968.1	aminoglycoside O-phosphotransferase APH(6)-Id	NA	NA
ERR16718582	ERR16718582_05568	gnl|Bactopia|ERR16718582_45	770	1402	+	catB	type B chloramphenicol O-acetyltransferase	core	AMR	AMR	PHENICOL	CHLORAMPHENICOL	EXACTP	210	210	100.00	100.00	210	WP_031281281.1	type B chloramphenicol O-acetyltransferase	NF000490.1	type B chloramphenicol O-acetyltransferase
ERR16718582	ERR16718582_05570	gnl|Bactopia|ERR16718582_45	3051	3830	-	rmtF1	16S rRNA (guanine(1405)-N(7))-methyltransferase RmtF1	core	AMR	AMR	AMINOGLYCOSIDE	AMINOGLYCOSIDE	ALLELEP	259	259	100.00	100.00	259	WP_015632396.1	16S rRNA (guanine(1405)-N(7))-methyltransferase RmtF1	NF000113.1	RmtF family 16S rRNA (guanine(1405)-N(7))-methyltransferase
ERR16718582	ERR16718582_05571	gnl|Bactopia|ERR16718582_45	4241	4795	-	aac(6')-Ib	AAC(6')-Ib family aminoglycoside 6'-N-acetyltransferase	core	AMR	AMR	AMINOGLYCOSIDE	GENTAMICIN	EXACTP	184	184	100.00	100.00	184	WP_022631510.1	AAC(6')-Ib family aminoglycoside 6'-N-acetyltransferase	NF033074.0	AAC(6')-Ib family aminoglycoside 6'-N-acetyltransferase
ERR16718582	ERR16718582_05573	gnl|Bactopia|ERR16718582_45	6850	7302	-	arr-2	NAD(+)--rifampin ADP-ribosyltransferase Arr-2	core	AMR	AMR	RIFAMYCIN	RIFAMYCIN	ALLELEP	150	150	100.00	100.00	150	WP_000237816.1	NAD(+)--rifampin ADP-ribosyltransferase Arr-2	NF033144.1	NAD(+)--rifampin ADP-ribosyltransferase
ERR16718582	ERR16718582_05617	gnl|Bactopia|ERR16718582_55	1022	2260	-	mrx(A)	phosphorylated macrolide efflux MFS transporter Mrx(A)	core	AMR	AMR	MACROLIDE	AZITHROMYCIN/ERYTHROMYCIN/SPIRAMYCIN/TELITHROMYCIN	EXACTP	412	412	100.00	100.00	412	WP_000004159.1	phosphorylated macrolide efflux MFS transporter Mrx(A)	NA	NA
ERR16718582	ERR16718582_05618	gnl|Bactopia|ERR16718582_55	2257	3171	-	mph(A)	Mph(A) family macrolide 2'-phosphotransferase	core	AMR	AMR	MACROLIDE	AZITHROMYCIN/ERYTHROMYCIN/SPIRAMYCIN/TELITHROMYCIN	BLASTP	304	301	100.00	100.00	301	WP_000219391.1	Mph(A) family macrolide 2'-phosphotransferase	NF000254.1	Mph(A) family macrolide 2'-phosphotransferase
ERR16718582	ERR16718582_05624	gnl|Bactopia|ERR16718582_57	950	1789	-	sul1	sulfonamide-resistant dihydropteroate synthase Sul1	core	AMR	AMR	SULFONAMIDE	SULFONAMIDE	EXACTP	279	279	100.00	100.00	279	WP_000259031.1	sulfonamide-resistant dihydropteroate synthase Sul1	NF000294.1	sulfonamide-resistant dihydropteroate synthase Sul1
ERR16718582	ERR16718582_05625	gnl|Bactopia|ERR16718582_57	1783	2130	-	qacEdelta1	quaternary ammonium compound efflux SMR transporter QacE delta 1	core	STRESS	BIOCIDE	QUATERNARY AMMONIUM	QUATERNARY AMMONIUM	ALLELEP	115	115	100.00	100.00	115	WP_000679427.1	quaternary ammonium compound efflux SMR transporter QacE delta 1	NF000276.2	quaternary ammonium compound efflux SMR transporter QacE
ERR16718582	NA	gnl|Bactopia|ERR16718582_57	2317	2787	-	dfrA5	trimethoprim-resistant dihydrofolate reductase DfrA5	core	AMR	AMR	TRIMETHOPRIM	TRIMETHOPRIM	EXACTX	157	157	100.00	100.00	157	WP_001317507.1	trimethoprim-resistant dihydrofolate reductase DfrA5	NF000330.1	trimethoprim-resistant dihydrofolate reductase DfrA
ERR16718582	ERR16718582_02332	gnl|Bactopia|ERR16718582_6	192872	193165	+	asr	acid resistance repetitive basic protein Asr	plus	STRESS	ACID	NA	NA	HMM	97	102	100.00	64.15	106	BAA15331.2	acid resistance repetitive basic protein Asr	NF033636.1	acid resistance repetitive basic protein Asr
ERR16718582	ERR16718582_05638	gnl|Bactopia|ERR16718582_61	1536	2333	-	blaOXA-48	OXA-48 family carbapenem-hydrolyzing class D beta-lactamase OXA-48	core	AMR	AMR	BETA-LACTAM	CARBAPENEM	ALLELEP	265	265	100.00	100.00	265	WP_015059991.1	OXA-48 family carbapenem-hydrolyzing class D beta-lactamase OXA-48	NF000387.2	OXA-48 family class D beta-lactamase
ERR16718582	ERR16718582_05642	gnl|Bactopia|ERR16718582_65	147	1007	-	blaTEM-1	broad-spectrum class A beta-lactamase TEM-1	core	AMR	AMR	BETA-LACTAM	BETA-LACTAM	ALLELEP	286	286	100.00	100.00	286	WP_000027057.1	broad-spectrum class A beta-lactamase TEM-1	NF000531.2	TEM family class A beta-lactamase
ERR16718582	ERR16718582_05648	gnl|Bactopia|ERR16718582_68	129	932	-	aph(3'')-Ib	aminoglycoside O-phosphotransferase APH(3'')-Ib	core	AMR	AMR	AMINOGLYCOSIDE	STREPTOMYCIN	EXACTP	267	267	100.00	100.00	267	WP_001082319.1	aminoglycoside O-phosphotransferase APH(3'')-Ib	NF032895.1	aminoglycoside O-phosphotransferase APH(3'')-Ib
ERR16718582	ERR16718582_05653	gnl|Bactopia|ERR16718582_72	718	1362	+	qnrB1	quinolone resistance pentapeptide repeat protein QnrB1	core	AMR	AMR	QUINOLONE	QUINOLONE	ALLELEP	214	214	100.00	100.00	214	WP_014386481.1	quinolone resistance pentapeptide repeat protein QnrB1	NF000420.1	QnrB family quinolone resistance pentapeptide repeat protein
ERR16718582	ERR16718582_05660	gnl|Bactopia|ERR16718582_78	619	1050	-	catA1	type A-1 chloramphenicol O-acetyltransferase	core	AMR	AMR	PHENICOL	CHLORAMPHENICOL	PARTIALP	143	219	65.30	100.00	143	WP_000412211.1	type A-1 chloramphenicol O-acetyltransferase	NA	NA
ERR16718582	ERR16718582_05661	gnl|Bactopia|ERR16718582_79	137	952	-	aph(3')-Ia	aminoglycoside O-phosphotransferase APH(3')-Ia	core	AMR	AMR	AMINOGLYCOSIDE	KANAMYCIN	EXACTP	271	271	100.00	100.00	271	WP_000018329.1	aminoglycoside O-phosphotransferase APH(3')-Ia	NF051474.1	aminoglycoside O-phosphotransferase APH(3')-Ia
ERR16718597	ERR16718597_00301	gnl|Bactopia|ERR16718597_1	320998	322230	-	kdeA	multidrug efflux MFS transporter KdeA	plus	AMR	AMR	EFFLUX	EFFLUX	BLASTP	410	410	100.00	99.51	410	ABR76310.1	multidrug efflux MFS transporter KdeA	NA	NA
ERR16718597	ERR16718597_03509	gnl|Bactopia|ERR16718597_13	114628	115488	+	blaSHV-11	broad-spectrum class A beta-lactamase SHV-11	core	AMR	AMR	BETA-LACTAM	BETA-LACTAM	ALLELEP	286	286	100.00	100.00	286	WP_004176269.1	broad-spectrum class A beta-lactamase SHV-11	NF000285.3	SHV family class A beta-lactamase
ERR16718597	ERR16718597_03715	gnl|Bactopia|ERR16718597_14	144477	144899	-	fosA	FosA5 family fosfomycin resistance glutathione transferase	core	AMR	AMR	FOSFOMYCIN	FOSFOMYCIN	BLASTP	140	139	99.28	99.28	138	WP_004146118.1	FosA5 family fosfomycin resistance glutathione transferase	NF040540.1	FosA5 family fosfomycin resistance glutathione transferase
ERR16718597	ERR16718597_03962	gnl|Bactopia|ERR16718597_16	90722	91906	-	emrD	multidrug efflux MFS transporter EmrD	plus	AMR	AMR	EFFLUX	EFFLUX	BLASTP	394	394	100.00	99.49	394	ACN65732.1	multidrug efflux MFS transporter EmrD	NA	NA
ERR16718597	ERR16718597_04110	gnl|Bactopia|ERR16718597_18	25448	25924	+	dfrA50	trimethoprim-resistant dihydrofolate reductase DfrA50	core	AMR	AMR	TRIMETHOPRIM	TRIMETHOPRIM	BLASTP	158	158	100.00	98.73	158	WP_040203768.1	trimethoprim-resistant dihydrofolate reductase DfrA50	NF047323.1	trimethoprim-resistant dihydrofolate reductase DfrA50
ERR16718597	ERR16718597_00702	gnl|Bactopia|ERR16718597_2	30794	31969	+	oqxA	multidrug efflux RND transporter periplasmic adaptor subunit OqxA	core	AMR	AMR	PHENICOL/QUINOLONE	PHENICOL/QUINOLONE	EXACTP	391	391	100.00	100.00	391	WP_002914189.1	multidrug efflux RND transporter periplasmic adaptor subunit OqxA	NF000272.1	multidrug efflux RND transporter periplasmic adaptor subunit OqxA
ERR16718597	ERR16718597_00703	gnl|Bactopia|ERR16718597_2	31993	35145	+	oqxB	multidrug efflux RND transporter permease subunit OqxB	core	AMR	AMR	PHENICOL/QUINOLONE	PHENICOL/QUINOLONE	BLASTP	1050	1050	100.00	99.81	1050	WP_016947602.1	multidrug efflux RND transporter permease subunit OqxB25	NF000037.1	multidrug efflux RND transporter permease subunit OqxB
ERR16718597	ERR16718597_01034	gnl|Bactopia|ERR16718597_2	380847	381269	-	arsC	glutaredoxin-dependent arsenate reductase	plus	STRESS	METAL	ARSENIC	ARSENATE	HMM	140	141	98.58	79.14	139	AAA21096.1	glutaredoxin-dependent arsenate reductase	NF007456.1	glutaredoxin-dependent arsenate reductase
ERR16718597	ERR16718597_04312	gnl|Bactopia|ERR16718597_20	39723	40625	-	fieF	CDF family cation-efflux transporter FieF	plus	STRESS	METAL	NA	NA	EXACTP	300	300	100.00	100.00	300	BAB89353.1	CDF family cation-efflux transporter FieF	NA	NA
ERR16718597	ERR16718597_04916	gnl|Bactopia|ERR16718597_31	848	1282	-	pcoE	copper resistance system metallochaperone PcoE	plus	STRESS	METAL	COPPER	COPPER	BLASTP	144	144	100.00	94.44	144	CAA58532.1	copper resistance system metallochaperone PcoE	NA	NA
ERR16718597	ERR16718597_04917	gnl|Bactopia|ERR16718597_31	1499	2899	-	pcoS	copper resistance membrane spanning protein PcoS	plus	STRESS	METAL	COPPER	COPPER	BLASTP	466	466	100.00	99.14	466	CAA58530.1	copper resistance membrane spanning protein PcoS	NA	NA
ERR16718597	ERR16718597_04918	gnl|Bactopia|ERR16718597_31	2896	3576	-	pcoR	copper response regulator transcription factor PcoR	plus	STRESS	METAL	COPPER	COPPER	EXACTP	226	226	100.00	100.00	226	CAA58529.1	copper response regulator transcription factor PcoR	NA	NA
ERR16718597	ERR16718597_04919	gnl|Bactopia|ERR16718597_31	3631	4560	-	pcoD	copper resistance inner membrane protein PcoD	plus	STRESS	METAL	COPPER	COPPER	BLASTP	309	309	100.00	99.68	309	CAA58528.1	copper resistance inner membrane protein PcoD	NA	NA
ERR16718597	ERR16718597_04920	gnl|Bactopia|ERR16718597_31	4565	4945	-	pcoC	copper resistance system metallochaperone PcoC	plus	STRESS	METAL	COPPER	COPPER	EXACTP	126	126	100.00	100.00	126	CAA58527.1	copper resistance system metallochaperone PcoC	NA	NA
ERR16718597	ERR16718597_04921	gnl|Bactopia|ERR16718597_31	4985	5881	-	pcoB	copper-binding protein PcoB	plus	STRESS	METAL	COPPER	COPPER	BLASTP	298	296	100.00	100.00	296	CAA58526.1	copper-binding protein PcoB	NA	NA
ERR16718597	ERR16718597_04922	gnl|Bactopia|ERR16718597_31	5881	7698	-	pcoA	multicopper oxidase PcoA	plus	STRESS	METAL	COPPER	COPPER	EXACTP	605	605	100.00	100.00	605	CAA58525.1	multicopper oxidase PcoA	NA	NA
ERR16718597	ERR16718597_04926	gnl|Bactopia|ERR16718597_31	9679	12132	-	silP	Ag(+)-translocating P-type ATPase SilP	plus	STRESS	METAL	SILVER	SILVER	BLASTP	817	824	98.79	94.13	818	AAD11750.1	Ag(+)-translocating P-type ATPase SilP	NA	NA
ERR16718597	ERR16718597_04928	gnl|Bactopia|ERR16718597_31	12786	15932	-	silA	Cu(+)/Ag(+) efflux RND transporter permease subunit SilA	plus	STRESS	METAL	COPPER/SILVER	COPPER/SILVER	BLASTP	1048	1048	100.00	98.85	1048	AAD11749.1	Cu(+)/Ag(+) efflux RND transporter permease subunit SilA	NA	NA
ERR16718597	ERR16718597_04929	gnl|Bactopia|ERR16718597_31	15943	17235	-	silB	Cu(+)/Ag(+) efflux RND transporter periplasmic adaptor subunit SilB	plus	STRESS	METAL	COPPER/SILVER	COPPER/SILVER	BLASTP	430	430	100.00	97.91	430	AAD11748.1	Cu(+)/Ag(+) efflux RND transporter periplasmic adaptor subunit SilB	NA	NA
ERR16718597	ERR16718597_04930	gnl|Bactopia|ERR16718597_31	17349	17702	-	silF	Cu(+)/Ag(+) efflux RND transporter periplasmic metallochaperone SilF	plus	STRESS	METAL	COPPER/SILVER	COPPER/SILVER	BLASTP	117	117	100.00	99.15	117	KGL71342.1	Cu(+)/Ag(+) efflux RND transporter periplasmic metallochaperone SilF	NA	NA
ERR16718597	ERR16718597_04931	gnl|Bactopia|ERR16718597_31	17731	19116	-	silC	Cu(+)/Ag(+) efflux RND transporter outer membrane channel SilC	plus	STRESS	METAL	COPPER/SILVER	COPPER/SILVER	EXACTP	461	461	100.00	100.00	461	SPD96884.1	Cu(+)/Ag(+) efflux RND transporter outer membrane channel SilC	NA	NA
ERR16718597	ERR16718597_04932	gnl|Bactopia|ERR16718597_31	19306	19986	+	silR	copper/silver response regulator transcription factor SilR	plus	STRESS	METAL	COPPER/SILVER	COPPER/SILVER	EXACTP	226	226	100.00	100.00	226	SPD96883.1	copper/silver response regulator transcription factor SilR	NA	NA
ERR16718597	ERR16718597_04933	gnl|Bactopia|ERR16718597_31	19979	21454	+	silS	copper/silver sensor histidine kinase SilS	plus	STRESS	METAL	COPPER/SILVER	COPPER/SILVER	EXACTP	491	491	100.00	100.00	491	SPD96882.1	copper/silver sensor histidine kinase SilS	NA	NA
ERR16718597	ERR16718597_04934	gnl|Bactopia|ERR16718597_31	21705	22136	+	silE	silver-binding protein SilE	plus	STRESS	METAL	SILVER	SILVER	BLASTP	143	143	100.00	91.61	143	AAD11743.1	silver-binding protein SilE	NA	NA
ERR16718597	ERR16718597_05096	gnl|Bactopia|ERR16718597_37	2018	2383	-	ble	bleomycin binding protein Ble-MBL	core	AMR	AMR	BLEOMYCIN	BLEOMYCIN	EXACTP	121	121	100.00	100.00	121	WP_004201167.1	bleomycin binding protein Ble-MBL	NF012202.0	bleomycin binding protein Ble-MBL
ERR16718597	ERR16718597_05097	gnl|Bactopia|ERR16718597_37	2387	3199	-	blaNDM-1	subclass B1 metallo-beta-lactamase NDM-1	core	AMR	AMR	BETA-LACTAM	CARBAPENEM	ALLELEP	270	270	100.00	100.00	270	WP_004201164.1	subclass B1 metallo-beta-lactamase NDM-1	NF000259.2	NDM family subclass B1 metallo-beta-lactamase
ERR16718597	ERR16718597_05100	gnl|Bactopia|ERR16718597_37	5632	6411	-	aph(3')-VI	APH(3')-VI family aminoglycoside O-phosphotransferase	core	AMR	AMR	AMINOGLYCOSIDE	AMIKACIN/KANAMYCIN	EXACTP	259	259	100.00	100.00	259	WP_014386410.1	APH(3')-VI family aminoglycoside O-phosphotransferase	NF033062.0	APH(3')-VI family aminoglycoside O-phosphotransferase
ERR16718597	ERR16718597_05104	gnl|Bactopia|ERR16718597_37	10289	10945	-	qnrS1	quinolone resistance pentapeptide repeat protein QnrS1	core	AMR	AMR	QUINOLONE	QUINOLONE	ALLELEP	218	218	100.00	100.00	218	WP_001516695.1	quinolone resistance pentapeptide repeat protein QnrS1	NF000056.3	QnrS family quinolone resistance pentapeptide repeat protein
ERR16718597	ERR16718597_05110	gnl|Bactopia|ERR16718597_37	15586	16461	-	blaCTX-M-15	extended-spectrum class A beta-lactamase CTX-M-15	core	AMR	AMR	BETA-LACTAM	CEPHALOSPORIN	ALLELEP	291	291	100.00	100.00	291	WP_000239590.1	extended-spectrum class A beta-lactamase CTX-M-15	NF033089.1	CTX-M family extended-spectrum class A beta-lactamase
ERR16718597	ERR16718597_05134	gnl|Bactopia|ERR16718597_39	7195	7620	-	arsC	glutaredoxin-dependent arsenate reductase	plus	STRESS	METAL	ARSENIC	ARSENATE	EXACTP	141	141	100.00	100.00	141	BAA24824.1	glutaredoxin-dependent arsenate reductase	NF007456.1	glutaredoxin-dependent arsenate reductase
ERR16718597	ERR16718597_05135	gnl|Bactopia|ERR16718597_39	7633	8922	-	arsB	arsenite efflux transporter membrane subunit ArsB	plus	STRESS	METAL	ARSENIC	ARSENITE	EXACTP	429	429	100.00	100.00	429	BAA24823.1	arsenite efflux transporter membrane subunit ArsB	NA	NA
ERR16718597	ERR16718597_05136	gnl|Bactopia|ERR16718597_39	8970	10721	-	arsA	arsenite efflux transporter ATPase subunit ArsA	plus	STRESS	METAL	ARSENIC	ARSENITE	EXACTP	583	583	100.00	100.00	583	BAA24822.1	arsenite efflux transporter ATPase subunit ArsA	NA	NA
ERR16718597	ERR16718597_05137	gnl|Bactopia|ERR16718597_39	10739	11101	-	arsD	arsenite efflux transporter metallochaperone ArsD	plus	STRESS	METAL	ARSENIC	ARSENITE	BLASTP	120	120	100.00	91.67	120	AAB09625.1	arsenite efflux transporter metallochaperone ArsD	NF033727.2	arsenite efflux transporter metallochaperone ArsD
ERR16718597	ERR16718597_05138	gnl|Bactopia|ERR16718597_39	11151	11501	-	arsR	As(III)-sensing metalloregulatory transcriptional repressor ArsR	plus	STRESS	METAL	ARSENIC	ARSENIC	EXACTP	116	116	100.00	100.00	116	AET17094.1	As(III)-sensing metalloregulatory transcriptional repressor ArsR	NA	NA
ERR16718597	ERR16718597_05184	gnl|Bactopia|ERR16718597_43	10102	10962	-	blaTEM-1	broad-spectrum class A beta-lactamase TEM-1	core	AMR	AMR	BETA-LACTAM	BETA-LACTAM	ALLELEP	286	286	100.00	100.00	286	WP_000027057.1	broad-spectrum class A beta-lactamase TEM-1	NF000531.2	TEM family class A beta-lactamase
ERR16718597	ERR16718597_05232	gnl|Bactopia|ERR16718597_48	4437	5276	-	sul1	sulfonamide-resistant dihydropteroate synthase Sul1	core	AMR	AMR	SULFONAMIDE	SULFONAMIDE	EXACTP	279	279	100.00	100.00	279	WP_000259031.1	sulfonamide-resistant dihydropteroate synthase Sul1	NF000294.1	sulfonamide-resistant dihydropteroate synthase Sul1
ERR16718597	ERR16718597_05233	gnl|Bactopia|ERR16718597_48	5270	5617	-	qacEdelta1	quaternary ammonium compound efflux SMR transporter QacE delta 1	core	STRESS	BIOCIDE	QUATERNARY AMMONIUM	QUATERNARY AMMONIUM	ALLELEP	115	115	100.00	100.00	115	WP_000679427.1	quaternary ammonium compound efflux SMR transporter QacE delta 1	NF000276.2	quaternary ammonium compound efflux SMR transporter QacE
ERR16718597	ERR16718597_05234	gnl|Bactopia|ERR16718597_48	5840	6292	-	arr-3	NAD(+)--rifampin ADP-ribosyltransferase Arr-3	core	AMR	AMR	RIFAMYCIN	RIFAMYCIN	EXACTP	150	150	100.00	100.00	150	WP_001749986.1	NAD(+)--rifampin ADP-ribosyltransferase Arr-3	NF033144.1	NAD(+)--rifampin ADP-ribosyltransferase
ERR16718597	ERR16718597_05235	gnl|Bactopia|ERR16718597_48	6377	7009	-	catB3	type B-3 chloramphenicol O-acetyltransferase CatB3	core	AMR	AMR	PHENICOL	CHLORAMPHENICOL	EXACTP	210	210	100.00	100.00	210	WP_000186237.1	type B-3 chloramphenicol O-acetyltransferase CatB3	NF000490.1	type B chloramphenicol O-acetyltransferase
ERR16718597	ERR16718597_05236	gnl|Bactopia|ERR16718597_48	7147	7977	-	blaOXA-1	oxacillin-hydrolyzing class D beta-lactamase OXA-1	core	AMR	AMR	BETA-LACTAM	CEPHALOSPORIN	ALLELEP	276	276	100.00	100.00	276	WP_001334766.1	oxacillin-hydrolyzing class D beta-lactamase OXA-1	NF000388.2	OXA-1 family class D beta-lactamase
ERR16718597	ERR16718597_05237	gnl|Bactopia|ERR16718597_48	8108	8626	-	aac(6')-Ib-cr	fluoroquinolone-acetylating aminoglycoside 6'-N-acetyltransferase AAC(6')-Ib-cr	core	AMR	AMR	AMINOGLYCOSIDE/QUINOLONE	AMIKACIN/KANAMYCIN/QUINOLONE/TOBRAMYCIN	BLASTP	172	184	93.48	100.00	172	WP_063840321.1	fluoroquinolone-acetylating aminoglycoside 6'-N-acetyltransferase AAC(6')-Ib-cr5	NF033074.0	AAC(6')-Ib family aminoglycoside 6'-N-acetyltransferase
ERR16718597	ERR16718597_01873	gnl|Bactopia|ERR16718597_5	190164	191966	-	ybtQ	yersiniabactin ABC transporter ATP-binding/permease protein YbtQ	plus	VIRULENCE	VIRULENCE	NA	NA	BLASTP	600	600	100.00	99.83	600	AAC69584.1	yersiniabactin ABC transporter ATP-binding/permease protein YbtQ	NA	NA
ERR16718597	ERR16718597_01874	gnl|Bactopia|ERR16718597_5	191953	193665	-	ybtP	yersiniabactin ABC transporter ATP-binding/permease protein YbtP	plus	VIRULENCE	VIRULENCE	NA	NA	BLASTP	570	600	95.00	99.82	570	CAA21388.1	yersiniabactin ABC transporter ATP-binding/permease protein YbtP	NA	NA
ERR16718597	NA	gnl|Bactopia|ERR16718597_60	3	293	+	aac(6')-Ib	AAC(6')-Ib family aminoglycoside 6'-N-acetyltransferase	core	AMR	AMR	AMINOGLYCOSIDE	AMIKACIN/KANAMYCIN/TOBRAMYCIN	PARTIAL_CONTIG_ENDX	97	184	52.72	100.00	97	WP_063840280.1	AAC(6')-Ib family aminoglycoside 6'-N-acetyltransferase	NA	NA
ERR16718597	NA	gnl|Bactopia|ERR16718597_60	366	1151	+	aadA1	ANT(3'')-Ia family aminoglycoside nucleotidyltransferase AadA1	core	AMR	AMR	AMINOGLYCOSIDE	STREPTOMYCIN	EXACTX	262	262	100.00	100.00	262	WP_001206315.1	ANT(3'')-Ia family aminoglycoside nucleotidyltransferase AadA1	NF033126.1	ANT(3'')-Ia family aminoglycoside nucleotidyltransferase AadA1
ERR16718597	ERR16718597_05282	gnl|Bactopia|ERR16718597_60	1214	2038	+	blaOXA-9	oxacillin-hydrolyzing class D beta-lactamase OXA-9	core	AMR	AMR	BETA-LACTAM	BETA-LACTAM	ALLELEP	274	274	100.00	100.00	274	WP_000722315.1	oxacillin-hydrolyzing class D beta-lactamase OXA-9	NF040532.1	OXA-9 family oxacillin-hydrolyzing class D beta-lactamase
ERR16718597	NA	gnl|Bactopia|ERR16718597_62	53	841	-	aadA2	ANT(3'')-Ia family aminoglycoside nucleotidyltransferase AadA2	core	AMR	AMR	AMINOGLYCOSIDE	STREPTOMYCIN	EXACTX	263	263	100.00	100.00	263	WP_001206356.1	ANT(3'')-Ia family aminoglycoside nucleotidyltransferase AadA2	NF012157.0	ANT(3'')-I family aminoglycoside nucleotidyltransferase
ERR16718597	ERR16718597_05285	gnl|Bactopia|ERR16718597_62	1249	1746	-	dfrA12	trimethoprim-resistant dihydrofolate reductase DfrA12	core	AMR	AMR	TRIMETHOPRIM	TRIMETHOPRIM	EXACTP	165	165	100.00	100.00	165	WP_001083725.1	trimethoprim-resistant dihydrofolate reductase DfrA12	NF000053.2	trimethoprim-resistant dihydrofolate reductase DfrA12
ERR16718597	ERR16718597_05287	gnl|Bactopia|ERR16718597_64	91	732	-	catA2	type A-2 chloramphenicol O-acetyltransferase CatII	core	AMR	AMR	PHENICOL	CHLORAMPHENICOL	EXACTP	213	213	100.00	100.00	213	WP_001011939.1	type A-2 chloramphenicol O-acetyltransferase CatII	NF000491.1	type A chloramphenicol O-acetyltransferase
ERR16718618	ERR16718618_02749	gnl|Bactopia|ERR16718618_13	28695	29870	+	oqxA	multidrug efflux RND transporter periplasmic adaptor subunit OqxA	core	AMR	AMR	PHENICOL/QUINOLONE	PHENICOL/QUINOLONE	EXACTP	391	391	100.00	100.00	391	WP_002914189.1	multidrug efflux RND transporter periplasmic adaptor subunit OqxA	NF000272.1	multidrug efflux RND transporter periplasmic adaptor subunit OqxA
ERR16718618	ERR16718618_02750	gnl|Bactopia|ERR16718618_13	29894	33046	+	oqxB	multidrug efflux RND transporter permease subunit OqxB	core	AMR	AMR	PHENICOL/QUINOLONE	PHENICOL/QUINOLONE	BLASTP	1050	1050	100.00	99.90	1050	WP_021312368.1	multidrug efflux RND transporter permease subunit OqxB20	NF000037.1	multidrug efflux RND transporter permease subunit OqxB
ERR16718618	ERR16718618_03284	gnl|Bactopia|ERR16718618_16	119104	119964	+	blaSHV-28	broad-spectrum class A beta-lactamase SHV-28	core	AMR	AMR	BETA-LACTAM	BETA-LACTAM	ALLELEP	286	286	100.00	100.00	286	WP_004179754.1	broad-spectrum class A beta-lactamase SHV-28	NF000285.3	SHV family class A beta-lactamase
ERR16718618	ERR16718618_03703	gnl|Bactopia|ERR16718618_20	79745	80929	-	emrD	multidrug efflux MFS transporter EmrD	plus	AMR	AMR	EFFLUX	EFFLUX	BLASTP	394	394	100.00	99.49	394	ACN65732.1	multidrug efflux MFS transporter EmrD	NA	NA
ERR16718618	ERR16718618_03864	gnl|Bactopia|ERR16718618_22	53434	54336	+	fieF	CDF family cation-efflux transporter FieF	plus	STRESS	METAL	NA	NA	EXACTP	300	300	100.00	100.00	300	BAB89353.1	CDF family cation-efflux transporter FieF	NA	NA
ERR16718618	ERR16718618_04079	gnl|Bactopia|ERR16718618_25	9008	9586	-	terD	tellurium resistance membrane protein TerD	plus	STRESS	METAL	TELLURIUM	TELLURIUM	BLASTP	192	192	100.00	95.83	192	AAA98292.1	tellurium resistance membrane protein TerD	NA	NA
ERR16718618	ERR16718618_04083	gnl|Bactopia|ERR16718618_25	12333	12914	-	terZ	tellurium resistance-associated protein TerZ	plus	STRESS	METAL	TELLURIUM	TELLURIUM	BLASTP	193	193	100.00	96.37	193	AAA86846.1	tellurium resistance-associated protein TerZ	NA	NA
ERR16718618	ERR16718618_04090	gnl|Bactopia|ERR16718618_25	19487	19954	+	terW	tellurium resistance protein TerW	plus	STRESS	METAL	TELLURIUM	TELLURIUM	EXACTP	155	155	100.00	100.00	155	AAC44736.1	tellurium resistance protein TerW	NA	NA
ERR16718618	ERR16718618_00816	gnl|Bactopia|ERR16718618_3	208301	209533	-	kdeA	multidrug efflux MFS transporter KdeA	plus	AMR	AMR	EFFLUX	EFFLUX	EXACTP	410	410	100.00	100.00	410	ABR76310.1	multidrug efflux MFS transporter KdeA	NA	NA
ERR16718618	ERR16718618_04493	gnl|Bactopia|ERR16718618_30	23058	23489	-	silE	silver-binding protein SilE	plus	STRESS	METAL	SILVER	SILVER	BLASTP	143	143	100.00	92.31	143	AAD11743.1	silver-binding protein SilE	NA	NA
ERR16718618	ERR16718618_04494	gnl|Bactopia|ERR16718618_30	23740	25215	-	silS	copper/silver sensor histidine kinase SilS	plus	STRESS	METAL	COPPER/SILVER	COPPER/SILVER	BLASTP	491	491	100.00	98.98	491	SPD96882.1	copper/silver sensor histidine kinase SilS	NA	NA
ERR16718618	ERR16718618_04495	gnl|Bactopia|ERR16718618_30	25208	25888	-	silR	copper/silver response regulator transcription factor SilR	plus	STRESS	METAL	COPPER/SILVER	COPPER/SILVER	BLASTP	226	226	100.00	98.23	226	SPD96883.1	copper/silver response regulator transcription factor SilR	NA	NA
ERR16718618	ERR16718618_04496	gnl|Bactopia|ERR16718618_30	26078	27463	+	silC	Cu(+)/Ag(+) efflux RND transporter outer membrane channel SilC	plus	STRESS	METAL	COPPER/SILVER	COPPER/SILVER	BLASTP	461	461	100.00	99.57	461	SPD96884.1	Cu(+)/Ag(+) efflux RND transporter outer membrane channel SilC	NA	NA
ERR16718618	ERR16718618_04497	gnl|Bactopia|ERR16718618_30	27492	27845	+	silF	Cu(+)/Ag(+) efflux RND transporter periplasmic metallochaperone SilF	plus	STRESS	METAL	COPPER/SILVER	COPPER/SILVER	BLASTP	117	117	100.00	99.15	117	KGL71342.1	Cu(+)/Ag(+) efflux RND transporter periplasmic metallochaperone SilF	NA	NA
ERR16718618	ERR16718618_04498	gnl|Bactopia|ERR16718618_30	27959	29251	+	silB	Cu(+)/Ag(+) efflux RND transporter periplasmic adaptor subunit SilB	plus	STRESS	METAL	COPPER/SILVER	COPPER/SILVER	BLASTP	430	430	100.00	97.91	430	AAD11748.1	Cu(+)/Ag(+) efflux RND transporter periplasmic adaptor subunit SilB	NA	NA
ERR16718618	ERR16718618_04499	gnl|Bactopia|ERR16718618_30	29262	32408	+	silA	Cu(+)/Ag(+) efflux RND transporter permease subunit SilA	plus	STRESS	METAL	COPPER/SILVER	COPPER/SILVER	BLASTP	1048	1048	100.00	98.76	1048	AAD11749.1	Cu(+)/Ag(+) efflux RND transporter permease subunit SilA	NA	NA
ERR16718618	ERR16718618_04501	gnl|Bactopia|ERR16718618_30	33062	35509	+	silP	Ag(+)-translocating P-type ATPase SilP	plus	STRESS	METAL	SILVER	SILVER	BLASTP	815	824	98.79	94.49	816	AAD11750.1	Ag(+)-translocating P-type ATPase SilP	NA	NA
ERR16718618	ERR16718618_04505	gnl|Bactopia|ERR16718618_30	37490	39307	+	pcoA	multicopper oxidase PcoA	plus	STRESS	METAL	COPPER	COPPER	BLASTP	605	605	100.00	99.83	605	CAA58525.1	multicopper oxidase PcoA	NA	NA
ERR16718618	ERR16718618_04506	gnl|Bactopia|ERR16718618_30	39307	40203	+	pcoB	copper-binding protein PcoB	plus	STRESS	METAL	COPPER	COPPER	BLASTP	298	296	100.00	100.00	296	CAA58526.1	copper-binding protein PcoB	NA	NA
ERR16718618	ERR16718618_04507	gnl|Bactopia|ERR16718618_30	40243	40623	+	pcoC	copper resistance system metallochaperone PcoC	plus	STRESS	METAL	COPPER	COPPER	EXACTP	126	126	100.00	100.00	126	CAA58527.1	copper resistance system metallochaperone PcoC	NA	NA
ERR16718618	ERR16718618_04508	gnl|Bactopia|ERR16718618_30	40628	41557	+	pcoD	copper resistance inner membrane protein PcoD	plus	STRESS	METAL	COPPER	COPPER	BLASTP	309	309	100.00	99.68	309	CAA58528.1	copper resistance inner membrane protein PcoD	NA	NA
ERR16718618	ERR16718618_04509	gnl|Bactopia|ERR16718618_30	41612	42292	+	pcoR	copper response regulator transcription factor PcoR	plus	STRESS	METAL	COPPER	COPPER	EXACTP	226	226	100.00	100.00	226	CAA58529.1	copper response regulator transcription factor PcoR	NA	NA
ERR16718618	ERR16718618_04510	gnl|Bactopia|ERR16718618_30	42289	43689	+	pcoS	copper resistance membrane spanning protein PcoS	plus	STRESS	METAL	COPPER	COPPER	BLASTP	466	466	100.00	99.36	466	CAA58530.1	copper resistance membrane spanning protein PcoS	NA	NA
ERR16718618	ERR16718618_04511	gnl|Bactopia|ERR16718618_30	43907	44341	+	pcoE	copper resistance system metallochaperone PcoE	plus	STRESS	METAL	COPPER	COPPER	BLASTP	144	144	100.00	97.92	144	CAA58532.1	copper resistance system metallochaperone PcoE	NA	NA
ERR16718618	ERR16718618_04525	gnl|Bactopia|ERR16718618_30	53434	53859	-	arsC	glutaredoxin-dependent arsenate reductase	plus	STRESS	METAL	ARSENIC	ARSENATE	BLASTP	141	141	100.00	99.29	141	BAA24824.1	glutaredoxin-dependent arsenate reductase	NF007456.1	glutaredoxin-dependent arsenate reductase
ERR16718618	ERR16718618_04526	gnl|Bactopia|ERR16718618_30	53872	55161	-	arsB	arsenite efflux transporter membrane subunit ArsB	plus	STRESS	METAL	ARSENIC	ARSENITE	BLASTP	429	429	100.00	98.83	429	BAA24823.1	arsenite efflux transporter membrane subunit ArsB	NA	NA
ERR16718618	ERR16718618_04527	gnl|Bactopia|ERR16718618_30	55209	56960	-	arsA	arsenite efflux transporter ATPase subunit ArsA	plus	STRESS	METAL	ARSENIC	ARSENITE	BLASTP	583	583	100.00	98.80	583	BAA24822.1	arsenite efflux transporter ATPase subunit ArsA	NA	NA
ERR16718618	ERR16718618_04528	gnl|Bactopia|ERR16718618_30	56978	57340	-	arsD	arsenite efflux transporter metallochaperone ArsD	plus	STRESS	METAL	ARSENIC	ARSENITE	BLASTP	120	120	100.00	90.83	120	AAB09625.1	arsenite efflux transporter metallochaperone ArsD	NF033727.2	arsenite efflux transporter metallochaperone ArsD
ERR16718618	ERR16718618_04529	gnl|Bactopia|ERR16718618_30	57392	57742	-	arsR	As(III)-sensing metalloregulatory transcriptional repressor ArsR	plus	STRESS	METAL	ARSENIC	ARSENIC	BLASTP	116	116	100.00	98.28	116	AET17094.1	As(III)-sensing metalloregulatory transcriptional repressor ArsR	NA	NA
ERR16718618	ERR16718618_04566	gnl|Bactopia|ERR16718618_31	25655	25891	-	asr	acid resistance repetitive basic protein Asr	plus	STRESS	ACID	NA	NA	HMM	78	102	100.00	52.94	102	BAA15331.2	acid resistance repetitive basic protein Asr	NF033636.1	acid resistance repetitive basic protein Asr
ERR16718618	ERR16718618_04992	gnl|Bactopia|ERR16718618_39	41796	43094	+	ncrA	nickel resistance membrane nickel efflux protein NcrA	plus	STRESS	METAL	NICKEL	NICKEL	EXACTP	432	432	100.00	100.00	432	ABF61434.1	nickel resistance membrane nickel efflux protein NcrA	NA	NA
ERR16718618	ERR16718618_04993	gnl|Bactopia|ERR16718618_39	43200	43469	+	ncrB	nickel-sensing transcriptional repressor NcrB	plus	STRESS	METAL	NICKEL	NICKEL	EXACTP	89	89	100.00	100.00	89	ABF61435.1	nickel-sensing transcriptional repressor NcrB	NA	NA
ERR16718618	ERR16718618_04994	gnl|Bactopia|ERR16718618_39	43482	44612	+	ncrC	Ni(II)/Co(II) efflux transporter permease subunit NcrC	plus	STRESS	METAL	COPPER/NICKEL	COPPER/NICKEL	EXACTP	376	376	100.00	100.00	376	ADF64798.1	Ni(II)/Co(II) efflux transporter permease subunit NcrC	NA	NA
ERR16718618	NA	gnl|Bactopia|ERR16718618_39	44774	45193	+	ncrY	nickel resistance OB fold protein NcrY	plus	STRESS	METAL	NICKEL	NICKEL	EXACTX	140	140	100.00	100.00	140	ABF61437.1	nickel resistance OB fold protein NcrY	NA	NA
ERR16718618	ERR16718618_05318	gnl|Bactopia|ERR16718618_49	11073	11648	-	terE	tellurium resistance cAMP binding protein TerE	plus	STRESS	METAL	TELLURIUM	TELLURIUM	BLASTP	191	191	100.00	99.48	191	AAA98293.1	tellurium resistance cAMP binding protein TerE	NA	NA
ERR16718618	ERR16718618_05319	gnl|Bactopia|ERR16718618_49	11735	12313	-	terD	tellurium resistance membrane protein TerD	plus	STRESS	METAL	TELLURIUM	TELLURIUM	BLASTP	192	192	100.00	98.96	192	AAA98292.1	tellurium resistance membrane protein TerD	NA	NA
ERR16718618	ERR16718618_05320	gnl|Bactopia|ERR16718618_49	12352	13392	-	terC	tellurium resistance membrane protein TerC	plus	STRESS	METAL	TELLURIUM	TELLURIUM	BLASTP	346	346	100.00	99.13	346	AAA98291.1	tellurium resistance membrane protein TerC	NA	NA
ERR16718618	ERR16718618_05321	gnl|Bactopia|ERR16718618_49	13416	13871	-	terB	tellurium resistance membrane protein TerB	plus	STRESS	METAL	TELLURIUM	TELLURIUM	EXACTP	151	151	100.00	100.00	151	ACI12150.1	tellurium resistance membrane protein TerB	NA	NA
ERR16718618	ERR16718618_05322	gnl|Bactopia|ERR16718618_49	13894	15045	-	terA	tellurium resistance system protein TerA	plus	STRESS	METAL	NA	NA	BLASTP	383	383	100.00	99.48	383	AHE47495.1	tellurium resistance system protein TerA	NA	NA
ERR16718618	ERR16718618_01424	gnl|Bactopia|ERR16718618_5	247969	248388	-	fosA	FosA5 family fosfomycin resistance glutathione transferase	core	AMR	AMR	FOSFOMYCIN	FOSFOMYCIN	EXACTP	139	139	100.00	100.00	139	WP_004146118.1	FosA5 family fosfomycin resistance glutathione transferase	NF040540.1	FosA5 family fosfomycin resistance glutathione transferase
ERR16718618	ERR16718618_05412	gnl|Bactopia|ERR16718618_54	10927	11352	-	arsC	glutaredoxin-dependent arsenate reductase	plus	STRESS	METAL	ARSENIC	ARSENATE	BLASTP	141	141	99.29	90.00	140	AAA21096.1	glutaredoxin-dependent arsenate reductase	NF007456.1	glutaredoxin-dependent arsenate reductase
ERR16718618	ERR16718618_05417	gnl|Bactopia|ERR16718618_55	84	1406	-	merA	mercury(II) reductase	plus	STRESS	METAL	MERCURY	MERCURY	PARTIALP	440	561	77.90	91.53	437	ACU65296.1	mercury(II) reductase	NA	NA
ERR16718618	ERR16718618_05418	gnl|Bactopia|ERR16718618_55	1445	1870	-	merC	organomercurial transporter MerC	plus	STRESS	METAL	MERCURY	ORGANOMERCURY	HMM	141	141	100.00	80.14	141	AAC38233.1	organomercurial transporter MerC	NF033784.1	organomercurial transporter MerC
ERR16718618	ERR16718618_05419	gnl|Bactopia|ERR16718618_55	1898	2173	-	merP	mercury resistance system periplasmic binding protein MerP	plus	STRESS	METAL	MERCURY	MERCURY	HMM	91	91	100.00	85.71	91	AAC38219.1	mercury resistance system periplasmic binding protein MerP	TIGR02052.1	mercury resistance system periplasmic binding protein MerP
ERR16718618	ERR16718618_05420	gnl|Bactopia|ERR16718618_55	2189	2554	-	merT	mercuric transport protein MerT	plus	STRESS	METAL	MERCURY	MERCURY	BLASTP	121	116	99.14	98.26	115	CAA70196.1	mercuric transport protein MerT	NA	NA
ERR16718618	ERR16718618_05421	gnl|Bactopia|ERR16718618_55	2626	3081	+	merR	mercury resistance transcriptional regulator MerR	plus	STRESS	METAL	MERCURY	MERCURY	BLASTP	151	144	98.61	92.96	142	CAA77320.1	mercury resistance transcriptional regulator MerR	NF010315.0	mercury resistance transcriptional regulator MerR
ERR16718618	ERR16718618_05460	gnl|Bactopia|ERR16718618_58	221	880	+	catA1	type A-1 chloramphenicol O-acetyltransferase	core	AMR	AMR	PHENICOL	CHLORAMPHENICOL	EXACTP	219	219	100.00	100.00	219	WP_000412211.1	type A-1 chloramphenicol O-acetyltransferase	NF000491.1	type A chloramphenicol O-acetyltransferase
ERR16718618	ERR16718618_01598	gnl|Bactopia|ERR16718618_6	172733	173155	-	arsC	glutaredoxin-dependent arsenate reductase	plus	STRESS	METAL	ARSENIC	ARSENATE	HMM	140	141	98.58	78.42	139	AAA21096.1	glutaredoxin-dependent arsenate reductase	NF007456.1	glutaredoxin-dependent arsenate reductase
ERR16718618	ERR16718618_05498	gnl|Bactopia|ERR16718618_63	5073	5867	-	blaOXA-917	OXA-427 family carbapenem-hydrolyzing class D beta-lactamase OXA-917	core	AMR	AMR	BETA-LACTAM	CARBAPENEM	ALLELEP	264	264	100.00	100.00	264	WP_161507793.1	OXA-427 family carbapenem-hydrolyzing class D beta-lactamase OXA-917	NF038217.2	OXA-427 family carbapenem-hydrolyzing class D beta-lactamase
ERR16718618	ERR16718618_05512	gnl|Bactopia|ERR16718618_66	2679	3554	+	blaCTX-M-15	extended-spectrum class A beta-lactamase CTX-M-15	core	AMR	AMR	BETA-LACTAM	CEPHALOSPORIN	ALLELEP	291	291	100.00	100.00	291	WP_000239590.1	extended-spectrum class A beta-lactamase CTX-M-15	NF033089.1	CTX-M family extended-spectrum class A beta-lactamase
ERR16718618	ERR16718618_05534	gnl|Bactopia|ERR16718618_71	146	1006	+	blaTEM-1	broad-spectrum class A beta-lactamase TEM-1	core	AMR	AMR	BETA-LACTAM	BETA-LACTAM	ALLELEP	286	286	100.00	100.00	286	WP_000027057.1	broad-spectrum class A beta-lactamase TEM-1	NF000531.2	TEM family class A beta-lactamase
ERR16718618	ERR16718618_05536	gnl|Bactopia|ERR16718618_71	1486	2670	-	tet(D)	tetracycline efflux MFS transporter Tet(D)	core	AMR	AMR	TETRACYCLINE	TETRACYCLINE	EXACTP	394	394	100.00	100.00	394	WP_001039466.1	tetracycline efflux MFS transporter Tet(D)	NF012186.0	tetracycline efflux MFS transporter Tet(D)
ERR16718618	ERR16718618_05538	gnl|Bactopia|ERR16718618_72	1492	2289	-	blaOXA-48	OXA-48 family carbapenem-hydrolyzing class D beta-lactamase OXA-48	core	AMR	AMR	BETA-LACTAM	CARBAPENEM	ALLELEP	265	265	100.00	100.00	265	WP_015059991.1	OXA-48 family carbapenem-hydrolyzing class D beta-lactamase OXA-48	NF000387.2	OXA-48 family class D beta-lactamase
ERR16718618	NA	gnl|Bactopia|ERR16718618_76	3	776	-	sul1	sulfonamide-resistant dihydropteroate synthase Sul1	core	AMR	AMR	SULFONAMIDE	SULFONAMIDE	BLASTX	258	279	92.47	100.00	258	WP_000259031.1	sulfonamide-resistant dihydropteroate synthase Sul1	NA	NA
ERR16718618	ERR16718618_05546	gnl|Bactopia|ERR16718618_76	770	1117	-	qacEdelta1	quaternary ammonium compound efflux SMR transporter QacE delta 1	core	STRESS	BIOCIDE	QUATERNARY AMMONIUM	QUATERNARY AMMONIUM	ALLELEP	115	115	100.00	100.00	115	WP_000679427.1	quaternary ammonium compound efflux SMR transporter QacE delta 1	NF000276.2	quaternary ammonium compound efflux SMR transporter QacE
ERR16718618	ERR16718618_05547	gnl|Bactopia|ERR16718618_76	1274	1921	-	ant(2'')-Ia	aminoglycoside nucleotidyltransferase ANT(2'')-Ia	core	AMR	AMR	AMINOGLYCOSIDE	GENTAMICIN/KANAMYCIN/TOBRAMYCIN	BLASTP	215	177	100.00	100.00	177	WP_000381802.1	aminoglycoside nucleotidyltransferase ANT(2'')-Ia	NF000064.3	aminoglycoside nucleotidyltransferase ANT(2'')-Ia
ERR16718618	ERR16718618_05566	gnl|Bactopia|ERR16718618_89	74	547	-	dfrA25	trimethoprim-resistant dihydrofolate reductase DfrA25	core	AMR	AMR	TRIMETHOPRIM	TRIMETHOPRIM	EXACTP	157	157	100.00	100.00	157	WP_029391998.1	trimethoprim-resistant dihydrofolate reductase DfrA25	NF000330.1	trimethoprim-resistant dihydrofolate reductase DfrA
ERR16718619	ERR16718619_05421	gnl|Bactopia|ERR16718619_109	221	880	+	catA1	type A-1 chloramphenicol O-acetyltransferase	core	AMR	AMR	PHENICOL	CHLORAMPHENICOL	EXACTP	219	219	100.00	100.00	219	WP_000412211.1	type A-1 chloramphenicol O-acetyltransferase	NF000491.1	type A chloramphenicol O-acetyltransferase
ERR16718619	ERR16718619_05525	gnl|Bactopia|ERR16718619_123	5073	5867	-	blaOXA-917	OXA-427 family carbapenem-hydrolyzing class D beta-lactamase OXA-917	core	AMR	AMR	BETA-LACTAM	CARBAPENEM	ALLELEP	264	264	100.00	100.00	264	WP_161507793.1	OXA-427 family carbapenem-hydrolyzing class D beta-lactamase OXA-917	NF038217.2	OXA-427 family carbapenem-hydrolyzing class D beta-lactamase
ERR16718619	ERR16718619_01704	gnl|Bactopia|ERR16718619_13	86975	87394	-	fosA	FosA5 family fosfomycin resistance glutathione transferase	core	AMR	AMR	FOSFOMYCIN	FOSFOMYCIN	EXACTP	139	139	100.00	100.00	139	WP_004146118.1	FosA5 family fosfomycin resistance glutathione transferase	NF040540.1	FosA5 family fosfomycin resistance glutathione transferase
ERR16718619	ERR16718619_05565	gnl|Bactopia|ERR16718619_132	2679	3554	+	blaCTX-M-15	extended-spectrum class A beta-lactamase CTX-M-15	core	AMR	AMR	BETA-LACTAM	CEPHALOSPORIN	ALLELEP	291	291	100.00	100.00	291	WP_000239590.1	extended-spectrum class A beta-lactamase CTX-M-15	NF033089.1	CTX-M family extended-spectrum class A beta-lactamase
ERR16718619	ERR16718619_05647	gnl|Bactopia|ERR16718619_153	836	1441	+	aac(6')-Ib	AAC(6')-Ib family aminoglycoside 6'-N-acetyltransferase	core	AMR	AMR	AMINOGLYCOSIDE	AMIKACIN/KANAMYCIN/TOBRAMYCIN	BLASTP	201	184	100.00	100.00	184	WP_063840280.1	AAC(6')-Ib family aminoglycoside 6'-N-acetyltransferase	NF033074.0	AAC(6')-Ib family aminoglycoside 6'-N-acetyltransferase
ERR16718619	NA	gnl|Bactopia|ERR16718619_153	1511	2296	+	aadA1	ANT(3'')-Ia family aminoglycoside nucleotidyltransferase AadA1	core	AMR	AMR	AMINOGLYCOSIDE	STREPTOMYCIN	EXACTX	262	262	100.00	100.00	262	WP_001206315.1	ANT(3'')-Ia family aminoglycoside nucleotidyltransferase AadA1	NF033126.1	ANT(3'')-Ia family aminoglycoside nucleotidyltransferase AadA1
ERR16718619	ERR16718619_05649	gnl|Bactopia|ERR16718619_153	2359	3183	+	blaOXA-9	oxacillin-hydrolyzing class D beta-lactamase OXA-9	core	AMR	AMR	BETA-LACTAM	BETA-LACTAM	ALLELEP	274	274	100.00	100.00	274	WP_000722315.1	oxacillin-hydrolyzing class D beta-lactamase OXA-9	NF040532.1	OXA-9 family oxacillin-hydrolyzing class D beta-lactamase
ERR16718619	ERR16718619_05665	gnl|Bactopia|ERR16718619_157	1	861	+	blaTEM-1	broad-spectrum class A beta-lactamase TEM-1	core	AMR	AMR	BETA-LACTAM	BETA-LACTAM	ALLELEP	286	286	100.00	100.00	286	WP_000027057.1	broad-spectrum class A beta-lactamase TEM-1	NF000531.2	TEM family class A beta-lactamase
ERR16718619	ERR16718619_05667	gnl|Bactopia|ERR16718619_157	1341	2525	-	tet(D)	tetracycline efflux MFS transporter Tet(D)	core	AMR	AMR	TETRACYCLINE	TETRACYCLINE	EXACTP	394	394	100.00	100.00	394	WP_001039466.1	tetracycline efflux MFS transporter Tet(D)	NF012186.0	tetracycline efflux MFS transporter Tet(D)
ERR16718619	ERR16718619_05670	gnl|Bactopia|ERR16718619_159	594	2396	+	ybtQ	yersiniabactin ABC transporter ATP-binding/permease protein YbtQ	plus	VIRULENCE	VIRULENCE	NA	NA	BLASTP	600	600	100.00	99.83	600	AAC69584.1	yersiniabactin ABC transporter ATP-binding/permease protein YbtQ	NA	NA
ERR16718619	ERR16718619_05675	gnl|Bactopia|ERR16718619_161	4	660	-	qnrS1	quinolone resistance pentapeptide repeat protein QnrS1	core	AMR	AMR	QUINOLONE	QUINOLONE	ALLELEP	218	218	100.00	100.00	218	WP_001516695.1	quinolone resistance pentapeptide repeat protein QnrS1	NF000056.3	QnrS family quinolone resistance pentapeptide repeat protein
ERR16718619	ERR16718619_05700	gnl|Bactopia|ERR16718619_169	1492	2289	-	blaOXA-48	OXA-48 family carbapenem-hydrolyzing class D beta-lactamase OXA-48	core	AMR	AMR	BETA-LACTAM	CARBAPENEM	ALLELEP	265	265	100.00	100.00	265	WP_015059991.1	OXA-48 family carbapenem-hydrolyzing class D beta-lactamase OXA-48	NF000387.2	OXA-48 family class D beta-lactamase
ERR16718619	ERR16718619_02018	gnl|Bactopia|ERR16718619_17	28695	29870	+	oqxA	multidrug efflux RND transporter periplasmic adaptor subunit OqxA	core	AMR	AMR	PHENICOL/QUINOLONE	PHENICOL/QUINOLONE	EXACTP	391	391	100.00	100.00	391	WP_002914189.1	multidrug efflux RND transporter periplasmic adaptor subunit OqxA	NF000272.1	multidrug efflux RND transporter periplasmic adaptor subunit OqxA
ERR16718619	ERR16718619_02019	gnl|Bactopia|ERR16718619_17	29894	33046	+	oqxB	multidrug efflux RND transporter permease subunit OqxB	core	AMR	AMR	PHENICOL/QUINOLONE	PHENICOL/QUINOLONE	BLASTP	1050	1050	100.00	99.90	1050	WP_021312368.1	multidrug efflux RND transporter permease subunit OqxB20	NF000037.1	multidrug efflux RND transporter permease subunit OqxB
ERR16718619	ERR16718619_00424	gnl|Bactopia|ERR16718619_2	208301	209533	-	kdeA	multidrug efflux MFS transporter KdeA	plus	AMR	AMR	EFFLUX	EFFLUX	EXACTP	410	410	100.00	100.00	410	ABR76310.1	multidrug efflux MFS transporter KdeA	NA	NA
ERR16718619	ERR16718619_02481	gnl|Bactopia|ERR16718619_22	79745	80929	-	emrD	multidrug efflux MFS transporter EmrD	plus	AMR	AMR	EFFLUX	EFFLUX	BLASTP	394	394	100.00	99.49	394	ACN65732.1	multidrug efflux MFS transporter EmrD	NA	NA
ERR16718619	NA	gnl|Bactopia|ERR16718619_220	3	776	-	sul1	sulfonamide-resistant dihydropteroate synthase Sul1	core	AMR	AMR	SULFONAMIDE	SULFONAMIDE	BLASTX	258	279	92.47	100.00	258	WP_000259031.1	sulfonamide-resistant dihydropteroate synthase Sul1	NA	NA
ERR16718619	NA	gnl|Bactopia|ERR16718619_220	773	1108	-	qacE	quaternary ammonium compound efflux SMR transporter QacE	core	STRESS	BIOCIDE	QUATERNARY AMMONIUM	QUATERNARY AMMONIUM	BLASTX	112	115	97.39	100.00	112	WP_000679427.1	quaternary ammonium compound efflux SMR transporter QacE delta 1	NA	NA
ERR16718619	ERR16718619_05782	gnl|Bactopia|ERR16718619_236	47	580	-	ant(2'')-Ia	aminoglycoside nucleotidyltransferase ANT(2'')-Ia	core	AMR	AMR	AMINOGLYCOSIDE	GENTAMICIN/KANAMYCIN/TOBRAMYCIN	EXACTP	177	177	100.00	100.00	177	WP_000381802.1	aminoglycoside nucleotidyltransferase ANT(2'')-Ia	NF000064.3	aminoglycoside nucleotidyltransferase ANT(2'')-Ia
ERR16718619	ERR16718619_02579	gnl|Bactopia|ERR16718619_24	9008	9586	-	terD	tellurium resistance membrane protein TerD	plus	STRESS	METAL	TELLURIUM	TELLURIUM	BLASTP	192	192	100.00	95.83	192	AAA98292.1	tellurium resistance membrane protein TerD	NA	NA
ERR16718619	ERR16718619_02583	gnl|Bactopia|ERR16718619_24	12333	12914	-	terZ	tellurium resistance-associated protein TerZ	plus	STRESS	METAL	TELLURIUM	TELLURIUM	BLASTP	193	193	100.00	96.37	193	AAA86846.1	tellurium resistance-associated protein TerZ	NA	NA
ERR16718619	ERR16718619_02590	gnl|Bactopia|ERR16718619_24	19487	19954	+	terW	tellurium resistance protein TerW	plus	STRESS	METAL	TELLURIUM	TELLURIUM	EXACTP	155	155	100.00	100.00	155	AAC44736.1	tellurium resistance protein TerW	NA	NA
ERR16718619	ERR16718619_05785	gnl|Bactopia|ERR16718619_240	74	547	-	dfrA25	trimethoprim-resistant dihydrofolate reductase DfrA25	core	AMR	AMR	TRIMETHOPRIM	TRIMETHOPRIM	EXACTP	157	157	100.00	100.00	157	WP_029391998.1	trimethoprim-resistant dihydrofolate reductase DfrA25	NF000330.1	trimethoprim-resistant dihydrofolate reductase DfrA
ERR16718619	ERR16718619_05793	gnl|Bactopia|ERR16718619_253	83	517	-	catA2	type A-2 chloramphenicol O-acetyltransferase CatII	core	AMR	AMR	PHENICOL	CHLORAMPHENICOL	PARTIALP	144	213	67.61	100.00	144	WP_001011939.1	type A-2 chloramphenicol O-acetyltransferase CatII	NA	NA
ERR16718619	ERR16718619_02843	gnl|Bactopia|ERR16718619_27	25309	25731	-	arsC	glutaredoxin-dependent arsenate reductase	plus	STRESS	METAL	ARSENIC	ARSENATE	HMM	140	141	98.58	78.42	139	AAA21096.1	glutaredoxin-dependent arsenate reductase	NF007456.1	glutaredoxin-dependent arsenate reductase
ERR16718619	ERR16718619_03221	gnl|Bactopia|ERR16718619_32	31068	31970	+	fieF	CDF family cation-efflux transporter FieF	plus	STRESS	METAL	NA	NA	EXACTP	300	300	100.00	100.00	300	BAB89353.1	CDF family cation-efflux transporter FieF	NA	NA
ERR16718619	ERR16718619_03631	gnl|Bactopia|ERR16718619_38	47642	48502	+	blaSHV-28	broad-spectrum class A beta-lactamase SHV-28	core	AMR	AMR	BETA-LACTAM	BETA-LACTAM	ALLELEP	286	286	100.00	100.00	286	WP_004179754.1	broad-spectrum class A beta-lactamase SHV-28	NF000285.3	SHV family class A beta-lactamase
ERR16718619	ERR16718619_04177	gnl|Bactopia|ERR16718619_49	41796	43094	+	ncrA	nickel resistance membrane nickel efflux protein NcrA	plus	STRESS	METAL	NICKEL	NICKEL	EXACTP	432	432	100.00	100.00	432	ABF61434.1	nickel resistance membrane nickel efflux protein NcrA	NA	NA
ERR16718619	ERR16718619_04178	gnl|Bactopia|ERR16718619_49	43200	43469	+	ncrB	nickel-sensing transcriptional repressor NcrB	plus	STRESS	METAL	NICKEL	NICKEL	EXACTP	89	89	100.00	100.00	89	ABF61435.1	nickel-sensing transcriptional repressor NcrB	NA	NA
ERR16718619	ERR16718619_04179	gnl|Bactopia|ERR16718619_49	43482	44612	+	ncrC	Ni(II)/Co(II) efflux transporter permease subunit NcrC	plus	STRESS	METAL	COPPER/NICKEL	COPPER/NICKEL	EXACTP	376	376	100.00	100.00	376	ADF64798.1	Ni(II)/Co(II) efflux transporter permease subunit NcrC	NA	NA
ERR16718619	NA	gnl|Bactopia|ERR16718619_49	44774	45193	+	ncrY	nickel resistance OB fold protein NcrY	plus	STRESS	METAL	NICKEL	NICKEL	EXACTX	140	140	100.00	100.00	140	ABF61437.1	nickel resistance OB fold protein NcrY	NA	NA
ERR16718619	ERR16718619_04321	gnl|Bactopia|ERR16718619_53	15775	16206	-	silE	silver-binding protein SilE	plus	STRESS	METAL	SILVER	SILVER	BLASTP	143	143	100.00	92.31	143	AAD11743.1	silver-binding protein SilE	NA	NA
ERR16718619	ERR16718619_04322	gnl|Bactopia|ERR16718619_53	16457	17932	-	silS	copper/silver sensor histidine kinase SilS	plus	STRESS	METAL	COPPER/SILVER	COPPER/SILVER	BLASTP	491	491	100.00	98.98	491	SPD96882.1	copper/silver sensor histidine kinase SilS	NA	NA
ERR16718619	ERR16718619_04323	gnl|Bactopia|ERR16718619_53	17925	18605	-	silR	copper/silver response regulator transcription factor SilR	plus	STRESS	METAL	COPPER/SILVER	COPPER/SILVER	BLASTP	226	226	100.00	98.23	226	SPD96883.1	copper/silver response regulator transcription factor SilR	NA	NA
ERR16718619	ERR16718619_04324	gnl|Bactopia|ERR16718619_53	18795	20180	+	silC	Cu(+)/Ag(+) efflux RND transporter outer membrane channel SilC	plus	STRESS	METAL	COPPER/SILVER	COPPER/SILVER	BLASTP	461	461	100.00	99.57	461	SPD96884.1	Cu(+)/Ag(+) efflux RND transporter outer membrane channel SilC	NA	NA
ERR16718619	ERR16718619_04325	gnl|Bactopia|ERR16718619_53	20209	20562	+	silF	Cu(+)/Ag(+) efflux RND transporter periplasmic metallochaperone SilF	plus	STRESS	METAL	COPPER/SILVER	COPPER/SILVER	BLASTP	117	117	100.00	99.15	117	KGL71342.1	Cu(+)/Ag(+) efflux RND transporter periplasmic metallochaperone SilF	NA	NA
ERR16718619	ERR16718619_04326	gnl|Bactopia|ERR16718619_53	20676	21968	+	silB	Cu(+)/Ag(+) efflux RND transporter periplasmic adaptor subunit SilB	plus	STRESS	METAL	COPPER/SILVER	COPPER/SILVER	BLASTP	430	430	100.00	97.91	430	AAD11748.1	Cu(+)/Ag(+) efflux RND transporter periplasmic adaptor subunit SilB	NA	NA
ERR16718619	ERR16718619_04327	gnl|Bactopia|ERR16718619_53	21979	25125	+	silA	Cu(+)/Ag(+) efflux RND transporter permease subunit SilA	plus	STRESS	METAL	COPPER/SILVER	COPPER/SILVER	BLASTP	1048	1048	100.00	98.76	1048	AAD11749.1	Cu(+)/Ag(+) efflux RND transporter permease subunit SilA	NA	NA
ERR16718619	ERR16718619_04329	gnl|Bactopia|ERR16718619_53	25779	28226	+	silP	Ag(+)-translocating P-type ATPase SilP	plus	STRESS	METAL	SILVER	SILVER	BLASTP	815	824	98.79	94.49	816	AAD11750.1	Ag(+)-translocating P-type ATPase SilP	NA	NA
ERR16718619	ERR16718619_04333	gnl|Bactopia|ERR16718619_53	30207	32024	+	pcoA	multicopper oxidase PcoA	plus	STRESS	METAL	COPPER	COPPER	BLASTP	605	605	100.00	99.83	605	CAA58525.1	multicopper oxidase PcoA	NA	NA
ERR16718619	ERR16718619_04334	gnl|Bactopia|ERR16718619_53	32024	32920	+	pcoB	copper-binding protein PcoB	plus	STRESS	METAL	COPPER	COPPER	BLASTP	298	296	100.00	100.00	296	CAA58526.1	copper-binding protein PcoB	NA	NA
ERR16718619	ERR16718619_04335	gnl|Bactopia|ERR16718619_53	32960	33340	+	pcoC	copper resistance system metallochaperone PcoC	plus	STRESS	METAL	COPPER	COPPER	EXACTP	126	126	100.00	100.00	126	CAA58527.1	copper resistance system metallochaperone PcoC	NA	NA
ERR16718619	ERR16718619_04336	gnl|Bactopia|ERR16718619_53	33345	34274	+	pcoD	copper resistance inner membrane protein PcoD	plus	STRESS	METAL	COPPER	COPPER	BLASTP	309	309	100.00	99.68	309	CAA58528.1	copper resistance inner membrane protein PcoD	NA	NA
ERR16718619	ERR16718619_04337	gnl|Bactopia|ERR16718619_53	34329	35009	+	pcoR	copper response regulator transcription factor PcoR	plus	STRESS	METAL	COPPER	COPPER	EXACTP	226	226	100.00	100.00	226	CAA58529.1	copper response regulator transcription factor PcoR	NA	NA
ERR16718619	ERR16718619_04338	gnl|Bactopia|ERR16718619_53	35006	36406	+	pcoS	copper resistance membrane spanning protein PcoS	plus	STRESS	METAL	COPPER	COPPER	BLASTP	466	466	100.00	99.36	466	CAA58530.1	copper resistance membrane spanning protein PcoS	NA	NA
ERR16718619	ERR16718619_04339	gnl|Bactopia|ERR16718619_53	36624	37058	+	pcoE	copper resistance system metallochaperone PcoE	plus	STRESS	METAL	COPPER	COPPER	BLASTP	144	144	100.00	97.92	144	CAA58532.1	copper resistance system metallochaperone PcoE	NA	NA
ERR16718619	ERR16718619_00966	gnl|Bactopia|ERR16718619_6	106197	106433	+	asr	acid resistance repetitive basic protein Asr	plus	STRESS	ACID	NA	NA	HMM	78	102	100.00	52.94	102	BAA15331.2	acid resistance repetitive basic protein Asr	NF033636.1	acid resistance repetitive basic protein Asr
ERR16718619	ERR16718619_04782	gnl|Bactopia|ERR16718619_68	11073	11648	-	terE	tellurium resistance cAMP binding protein TerE	plus	STRESS	METAL	TELLURIUM	TELLURIUM	BLASTP	191	191	100.00	99.48	191	AAA98293.1	tellurium resistance cAMP binding protein TerE	NA	NA
ERR16718619	ERR16718619_04783	gnl|Bactopia|ERR16718619_68	11735	12313	-	terD	tellurium resistance membrane protein TerD	plus	STRESS	METAL	TELLURIUM	TELLURIUM	BLASTP	192	192	100.00	98.96	192	AAA98292.1	tellurium resistance membrane protein TerD	NA	NA
ERR16718619	ERR16718619_04784	gnl|Bactopia|ERR16718619_68	12352	13392	-	terC	tellurium resistance membrane protein TerC	plus	STRESS	METAL	TELLURIUM	TELLURIUM	BLASTP	346	346	100.00	99.13	346	AAA98291.1	tellurium resistance membrane protein TerC	NA	NA
ERR16718619	ERR16718619_04785	gnl|Bactopia|ERR16718619_68	13416	13871	-	terB	tellurium resistance membrane protein TerB	plus	STRESS	METAL	TELLURIUM	TELLURIUM	EXACTP	151	151	100.00	100.00	151	ACI12150.1	tellurium resistance membrane protein TerB	NA	NA
ERR16718619	ERR16718619_04786	gnl|Bactopia|ERR16718619_68	13894	15045	-	terA	tellurium resistance system protein TerA	plus	STRESS	METAL	NA	NA	BLASTP	383	383	100.00	99.48	383	AHE47495.1	tellurium resistance system protein TerA	NA	NA
ERR16718619	ERR16718619_05158	gnl|Bactopia|ERR16718619_85	7501	7926	-	arsC	glutaredoxin-dependent arsenate reductase	plus	STRESS	METAL	ARSENIC	ARSENATE	BLASTP	141	141	100.00	99.29	141	BAA24824.1	glutaredoxin-dependent arsenate reductase	NF007456.1	glutaredoxin-dependent arsenate reductase
ERR16718619	ERR16718619_05159	gnl|Bactopia|ERR16718619_85	7939	9228	-	arsB	arsenite efflux transporter membrane subunit ArsB	plus	STRESS	METAL	ARSENIC	ARSENITE	BLASTP	429	429	100.00	98.83	429	BAA24823.1	arsenite efflux transporter membrane subunit ArsB	NA	NA
ERR16718619	ERR16718619_05160	gnl|Bactopia|ERR16718619_85	9276	11027	-	arsA	arsenite efflux transporter ATPase subunit ArsA	plus	STRESS	METAL	ARSENIC	ARSENITE	BLASTP	583	583	100.00	98.80	583	BAA24822.1	arsenite efflux transporter ATPase subunit ArsA	NA	NA
ERR16718619	ERR16718619_05161	gnl|Bactopia|ERR16718619_85	11045	11407	-	arsD	arsenite efflux transporter metallochaperone ArsD	plus	STRESS	METAL	ARSENIC	ARSENITE	BLASTP	120	120	100.00	90.83	120	AAB09625.1	arsenite efflux transporter metallochaperone ArsD	NF033727.2	arsenite efflux transporter metallochaperone ArsD
ERR16718619	ERR16718619_05162	gnl|Bactopia|ERR16718619_85	11459	11809	-	arsR	As(III)-sensing metalloregulatory transcriptional repressor ArsR	plus	STRESS	METAL	ARSENIC	ARSENIC	BLASTP	116	116	100.00	98.28	116	AET17094.1	As(III)-sensing metalloregulatory transcriptional repressor ArsR	NA	NA
ERR16718619	ERR16718619_05227	gnl|Bactopia|ERR16718619_89	10927	11352	-	arsC	glutaredoxin-dependent arsenate reductase	plus	STRESS	METAL	ARSENIC	ARSENATE	BLASTP	141	141	99.29	90.00	140	AAA21096.1	glutaredoxin-dependent arsenate reductase	NF007456.1	glutaredoxin-dependent arsenate reductase
ERR16718619	ERR16718619_05232	gnl|Bactopia|ERR16718619_90	84	1406	-	merA	mercury(II) reductase	plus	STRESS	METAL	MERCURY	MERCURY	PARTIALP	440	561	77.90	91.53	437	ACU65296.1	mercury(II) reductase	NA	NA
ERR16718619	ERR16718619_05233	gnl|Bactopia|ERR16718619_90	1445	1870	-	merC	organomercurial transporter MerC	plus	STRESS	METAL	MERCURY	ORGANOMERCURY	HMM	141	141	100.00	80.14	141	AAC38233.1	organomercurial transporter MerC	NF033784.1	organomercurial transporter MerC
ERR16718619	ERR16718619_05234	gnl|Bactopia|ERR16718619_90	1898	2173	-	merP	mercury resistance system periplasmic binding protein MerP	plus	STRESS	METAL	MERCURY	MERCURY	HMM	91	91	100.00	85.71	91	AAC38219.1	mercury resistance system periplasmic binding protein MerP	TIGR02052.1	mercury resistance system periplasmic binding protein MerP
ERR16718619	ERR16718619_05235	gnl|Bactopia|ERR16718619_90	2189	2554	-	merT	mercuric transport protein MerT	plus	STRESS	METAL	MERCURY	MERCURY	BLASTP	121	116	99.14	98.26	115	CAA70196.1	mercuric transport protein MerT	NA	NA
ERR16718619	ERR16718619_05236	gnl|Bactopia|ERR16718619_90	2626	3081	+	merR	mercury resistance transcriptional regulator MerR	plus	STRESS	METAL	MERCURY	MERCURY	BLASTP	151	144	98.61	92.96	142	CAA77320.1	mercury resistance transcriptional regulator MerR	NF010315.0	mercury resistance transcriptional regulator MerR
ERR16718620	ERR16718620_00271	gnl|Bactopia|ERR16718620_1	297276	297695	-	fosA	FosA5 family fosfomycin resistance glutathione transferase	core	AMR	AMR	FOSFOMYCIN	FOSFOMYCIN	BLASTP	139	139	100.00	99.28	139	WP_004146118.1	FosA5 family fosfomycin resistance glutathione transferase	NF040540.1	FosA5 family fosfomycin resistance glutathione transferase
ERR16718620	ERR16718620_02587	gnl|Bactopia|ERR16718620_16	22746	23168	-	arsC	glutaredoxin-dependent arsenate reductase	plus	STRESS	METAL	ARSENIC	ARSENATE	HMM	140	141	98.58	78.42	139	AAA21096.1	glutaredoxin-dependent arsenate reductase	NF007456.1	glutaredoxin-dependent arsenate reductase
ERR16718620	ERR16718620_02734	gnl|Bactopia|ERR16718620_17	47816	48676	+	blaSHV-11	broad-spectrum class A beta-lactamase SHV-11	core	AMR	AMR	BETA-LACTAM	BETA-LACTAM	ALLELEP	286	286	100.00	100.00	286	WP_004176269.1	broad-spectrum class A beta-lactamase SHV-11	NF000285.3	SHV family class A beta-lactamase
ERR16718620	ERR16718620_03038	gnl|Bactopia|ERR16718620_20	39709	40611	-	fieF	CDF family cation-efflux transporter FieF	plus	STRESS	METAL	NA	NA	EXACTP	300	300	100.00	100.00	300	BAB89353.1	CDF family cation-efflux transporter FieF	NA	NA
ERR16718620	ERR16718620_00597	gnl|Bactopia|ERR16718620_3	79848	81032	-	emrD	multidrug efflux MFS transporter EmrD	plus	AMR	AMR	EFFLUX	EFFLUX	BLASTP	394	394	100.00	99.49	394	ACN65732.1	multidrug efflux MFS transporter EmrD	NA	NA
ERR16718620	ERR16718620_04293	gnl|Bactopia|ERR16718620_37	23761	24642	+	blaKPC-2	carbapenem-hydrolyzing class A beta-lactamase KPC-2	core	AMR	AMR	BETA-LACTAM	CARBAPENEM	ALLELEP	293	293	100.00	100.00	293	WP_004199234.1	carbapenem-hydrolyzing class A beta-lactamase KPC-2	NF012141.1	KPC family carbapenem-hydrolyzing class A beta-lactamase
ERR16718620	NA	gnl|Bactopia|ERR16718620_37	34304	35125	+	blaOXA	OXA-9 family oxacillin-hydrolyzing class D beta-lactamase	core	AMR	AMR	BETA-LACTAM	BETA-LACTAM	INTERNAL_STOP	274	274	100.00	99.64	274	WP_000722315.1	oxacillin-hydrolyzing class D beta-lactamase OXA-9	NA	NA
ERR16718620	ERR16718620_04301	gnl|Bactopia|ERR16718620_37	35828	36688	+	blaTEM-1	broad-spectrum class A beta-lactamase TEM-1	core	AMR	AMR	BETA-LACTAM	BETA-LACTAM	ALLELEP	286	286	100.00	100.00	286	WP_000027057.1	broad-spectrum class A beta-lactamase TEM-1	NF000531.2	TEM family class A beta-lactamase
ERR16718620	ERR16718620_04305	gnl|Bactopia|ERR16718620_37	39303	39539	-	merE	broad-spectrum mercury transporter MerE	plus	STRESS	METAL	MERCURY	MERCURY	HMM	78	78	100.00	78.21	78	AAA88371.1	broad-spectrum mercury transporter MerE	NF010310.2	broad-spectrum mercury transporter MerE
ERR16718620	ERR16718620_04306	gnl|Bactopia|ERR16718620_37	39536	39898	-	merD	mercury resistance co-regulator MerD	plus	STRESS	METAL	MERCURY	MERCURY	HMM	120	121	100.00	82.64	121	AAC38221.1	mercury resistance co-regulator MerD	NF033783.1	mercury resistance co-regulator MerD
ERR16718620	ERR16718620_04307	gnl|Bactopia|ERR16718620_37	39916	41610	-	merA	mercury(II) reductase	plus	STRESS	METAL	MERCURY	MERCURY	HMM	564	561	100.00	85.31	565	AAC38220.1	mercury(II) reductase	TIGR02053.1	mercury(II) reductase
ERR16718620	ERR16718620_04308	gnl|Bactopia|ERR16718620_37	41662	42084	-	merC	organomercurial transporter MerC	plus	STRESS	METAL	MERCURY	ORGANOMERCURY	EXACTP	140	140	100.00	100.00	140	AAC33908.1	organomercurial transporter MerC	NF033784.1	organomercurial transporter MerC
ERR16718620	ERR16718620_04410	gnl|Bactopia|ERR16718620_40	22802	25954	-	oqxB	multidrug efflux RND transporter permease subunit OqxB	core	AMR	AMR	PHENICOL/QUINOLONE	PHENICOL/QUINOLONE	EXACTP	1050	1050	100.00	100.00	1050	WP_000347934.1	multidrug efflux RND transporter permease subunit OqxB	NF000037.1	multidrug efflux RND transporter permease subunit OqxB
ERR16718620	ERR16718620_04411	gnl|Bactopia|ERR16718620_40	25978	27153	-	oqxA	multidrug efflux RND transporter periplasmic adaptor subunit OqxA	core	AMR	AMR	PHENICOL/QUINOLONE	PHENICOL/QUINOLONE	EXACTP	391	391	100.00	100.00	391	WP_002914189.1	multidrug efflux RND transporter periplasmic adaptor subunit OqxA	NF000272.1	multidrug efflux RND transporter periplasmic adaptor subunit OqxA
ERR16718620	ERR16718620_04428	gnl|Bactopia|ERR16718620_41	1445	2014	+	hsp20	small heat shock protein sHSP20	plus	STRESS	HEAT	NA	NA	BLASTP	189	189	100.00	99.47	189	CDY80020.1	small heat shock protein sHSP20	NA	NA
ERR16718620	ERR16718620_04429	gnl|Bactopia|ERR16718620_41	2120	4969	+	clpK	heat shock survival AAA family ATPase ClpK	plus	STRESS	HEAT	NA	NA	BLASTP	949	949	100.00	98.74	949	ASF80763.1	heat shock survival AAA family ATPase ClpK	NF033606.1	heat shock survival AAA family ATPase ClpK
ERR16718620	ERR16718620_04433	gnl|Bactopia|ERR16718620_41	6115	6573	+	shsP	small heat shock protein sHSP20-GI	plus	STRESS	HEAT	NA	NA	BLASTP	152	152	100.00	99.34	152	ASF80771.1	small heat shock protein sHSP20-GI	NA	NA
ERR16718620	ERR16718620_04434	gnl|Bactopia|ERR16718620_41	6596	7510	+	yfdX1	heat resistance protein YfdX1	plus	STRESS	HEAT	NA	NA	BLASTP	304	304	100.00	99.34	304	APX31172.1	heat resistance protein YfdX1	NA	NA
ERR16718620	ERR16718620_04435	gnl|Bactopia|ERR16718620_41	7613	8500	+	yfdX2	heat resistance protein YfdX2	plus	STRESS	HEAT	NA	NA	BLASTP	295	295	100.00	98.98	295	ASF80766.1	heat resistance protein YfdX2	NA	NA
ERR16718620	ERR16718620_04436	gnl|Bactopia|ERR16718620_41	8590	9231	+	hdeD-GI	heat resistance membrane protein HdeD-GI	plus	STRESS	HEAT	NA	NA	BLASTP	213	203	100.00	96.06	203	APX31174.1	heat resistance membrane protein HdeD-GI	NA	NA
ERR16718620	ERR16718620_04438	gnl|Bactopia|ERR16718620_41	10415	10855	+	trxLHR	heat resistance system thioredoxin Trx-GI	plus	STRESS	HEAT	NA	NA	BLASTP	146	146	100.00	98.63	146	APX31176.1	heat resistance system thioredoxin Trx-GI	NA	NA
ERR16718620	ERR16718620_04439	gnl|Bactopia|ERR16718620_41	10859	12568	+	kefB-GI	heat resistance system K+/H+ antiporter KefB-GI	plus	STRESS	HEAT	NA	NA	INTERNAL_STOP	569	571	99.65	99.12	569	APX31177.1	heat resistance system K+/H+ antiporter KefB-GI	NA	NA
ERR16718620	ERR16718620_04440	gnl|Bactopia|ERR16718620_41	12571	13068	+	psi-GI	heat resistance protein PsiE-GI	plus	STRESS	HEAT	NA	NA	BLASTP	165	165	100.00	95.76	165	APX31178.1	heat resistance protein PsiE-GI	NA	NA
ERR16718620	ERR16718620_04631	gnl|Bactopia|ERR16718620_47	5350	6750	-	pcoS	copper resistance membrane spanning protein PcoS	plus	STRESS	METAL	COPPER	COPPER	BLASTP	466	466	100.00	99.14	466	CAA58530.1	copper resistance membrane spanning protein PcoS	NA	NA
ERR16718620	ERR16718620_04632	gnl|Bactopia|ERR16718620_47	6747	7427	-	pcoR	copper response regulator transcription factor PcoR	plus	STRESS	METAL	COPPER	COPPER	EXACTP	226	226	100.00	100.00	226	CAA58529.1	copper response regulator transcription factor PcoR	NA	NA
ERR16718620	ERR16718620_04633	gnl|Bactopia|ERR16718620_47	7482	8411	-	pcoD	copper resistance inner membrane protein PcoD	plus	STRESS	METAL	COPPER	COPPER	BLASTP	309	309	100.00	99.35	309	CAA58528.1	copper resistance inner membrane protein PcoD	NA	NA
ERR16718620	ERR16718620_04634	gnl|Bactopia|ERR16718620_47	8416	8796	-	pcoC	copper resistance system metallochaperone PcoC	plus	STRESS	METAL	COPPER	COPPER	EXACTP	126	126	100.00	100.00	126	CAA58527.1	copper resistance system metallochaperone PcoC	NA	NA
ERR16718620	ERR16718620_04635	gnl|Bactopia|ERR16718620_47	8836	9732	-	pcoB	copper-binding protein PcoB	plus	STRESS	METAL	COPPER	COPPER	BLASTP	298	296	100.00	100.00	296	CAA58526.1	copper-binding protein PcoB	NA	NA
ERR16718620	ERR16718620_04636	gnl|Bactopia|ERR16718620_47	9732	11549	-	pcoA	multicopper oxidase PcoA	plus	STRESS	METAL	COPPER	COPPER	EXACTP	605	605	100.00	100.00	605	CAA58525.1	multicopper oxidase PcoA	NA	NA
ERR16718620	ERR16718620_04640	gnl|Bactopia|ERR16718620_47	13530	15977	-	silP	Ag(+)-translocating P-type ATPase SilP	plus	STRESS	METAL	SILVER	SILVER	BLASTP	815	824	98.79	94.61	816	AAD11750.1	Ag(+)-translocating P-type ATPase SilP	NA	NA
ERR16718620	ERR16718620_04642	gnl|Bactopia|ERR16718620_47	16631	19777	-	silA	Cu(+)/Ag(+) efflux RND transporter permease subunit SilA	plus	STRESS	METAL	COPPER/SILVER	COPPER/SILVER	BLASTP	1048	1048	100.00	98.85	1048	AAD11749.1	Cu(+)/Ag(+) efflux RND transporter permease subunit SilA	NA	NA
ERR16718620	ERR16718620_04643	gnl|Bactopia|ERR16718620_47	19788	21080	-	silB	Cu(+)/Ag(+) efflux RND transporter periplasmic adaptor subunit SilB	plus	STRESS	METAL	COPPER/SILVER	COPPER/SILVER	BLASTP	430	430	100.00	97.91	430	AAD11748.1	Cu(+)/Ag(+) efflux RND transporter periplasmic adaptor subunit SilB	NA	NA
ERR16718620	ERR16718620_04644	gnl|Bactopia|ERR16718620_47	21194	21547	-	silF	Cu(+)/Ag(+) efflux RND transporter periplasmic metallochaperone SilF	plus	STRESS	METAL	COPPER/SILVER	COPPER/SILVER	BLASTP	117	117	100.00	99.15	117	KGL71342.1	Cu(+)/Ag(+) efflux RND transporter periplasmic metallochaperone SilF	NA	NA
ERR16718620	ERR16718620_04645	gnl|Bactopia|ERR16718620_47	21576	22961	-	silC	Cu(+)/Ag(+) efflux RND transporter outer membrane channel SilC	plus	STRESS	METAL	COPPER/SILVER	COPPER/SILVER	BLASTP	461	461	100.00	99.78	461	SPD96884.1	Cu(+)/Ag(+) efflux RND transporter outer membrane channel SilC	NA	NA
ERR16718620	ERR16718620_04646	gnl|Bactopia|ERR16718620_47	23151	23831	+	silR	copper/silver response regulator transcription factor SilR	plus	STRESS	METAL	COPPER/SILVER	COPPER/SILVER	EXACTP	226	226	100.00	100.00	226	SPD96883.1	copper/silver response regulator transcription factor SilR	NA	NA
ERR16718620	ERR16718620_04647	gnl|Bactopia|ERR16718620_47	23824	25299	+	silS	copper/silver sensor histidine kinase SilS	plus	STRESS	METAL	COPPER/SILVER	COPPER/SILVER	EXACTP	491	491	100.00	100.00	491	SPD96882.1	copper/silver sensor histidine kinase SilS	NA	NA
ERR16718620	ERR16718620_04648	gnl|Bactopia|ERR16718620_47	25550	25981	+	silE	silver-binding protein SilE	plus	STRESS	METAL	SILVER	SILVER	BLASTP	143	143	100.00	96.50	143	AAD11743.1	silver-binding protein SilE	NA	NA
ERR16718620	ERR16718620_04932	gnl|Bactopia|ERR16718620_58	2572	3387	-	aph(3')-Ia	aminoglycoside O-phosphotransferase APH(3')-Ia	core	AMR	AMR	AMINOGLYCOSIDE	KANAMYCIN	BLASTP	271	271	100.00	99.63	271	WP_000018326.1	aminoglycoside O-phosphotransferase APH(3')-Ia	NF051474.1	aminoglycoside O-phosphotransferase APH(3')-Ia
ERR16718620	ERR16718620_04946	gnl|Bactopia|ERR16718620_58	13621	14796	-	blaRSC1	RSC1 family class C beta-lactamase	core	AMR	AMR	BETA-LACTAM	CEPHALOSPORIN	BLASTP	391	396	98.74	91.82	391	WP_128268282.1	class C beta-lactamase RSC1-1	NF033085.1	class C beta-lactamase
ERR16718620	ERR16718620_01602	gnl|Bactopia|ERR16718620_8	98436	99668	+	kdeA	multidrug efflux MFS transporter KdeA	plus	AMR	AMR	EFFLUX	EFFLUX	EXACTP	410	410	100.00	100.00	410	ABR76310.1	multidrug efflux MFS transporter KdeA	NA	NA
ERR16718626	ERR16718626_03602	gnl|Bactopia|ERR16718626_15	71078	72310	+	kdeA	multidrug efflux MFS transporter KdeA	plus	AMR	AMR	EFFLUX	EFFLUX	EXACTP	410	410	100.00	100.00	410	ABR76310.1	multidrug efflux MFS transporter KdeA	NA	NA
ERR16718626	ERR16718626_04057	gnl|Bactopia|ERR16718626_19	39709	40611	-	fieF	CDF family cation-efflux transporter FieF	plus	STRESS	METAL	NA	NA	EXACTP	300	300	100.00	100.00	300	BAB89353.1	CDF family cation-efflux transporter FieF	NA	NA
ERR16718626	ERR16718626_04386	gnl|Bactopia|ERR16718626_23	22746	23168	-	arsC	glutaredoxin-dependent arsenate reductase	plus	STRESS	METAL	ARSENIC	ARSENATE	HMM	140	141	98.58	78.42	139	AAA21096.1	glutaredoxin-dependent arsenate reductase	NF007456.1	glutaredoxin-dependent arsenate reductase
ERR16718626	ERR16718626_04645	gnl|Bactopia|ERR16718626_28	11387	11884	-	psi-GI	heat resistance protein PsiE-GI	plus	STRESS	HEAT	NA	NA	BLASTP	165	165	100.00	95.76	165	APX31178.1	heat resistance protein PsiE-GI	NA	NA
ERR16718626	ERR16718626_04646	gnl|Bactopia|ERR16718626_28	11887	13596	-	kefB-GI	heat resistance system K+/H+ antiporter KefB-GI	plus	STRESS	HEAT	NA	NA	INTERNAL_STOP	569	571	99.65	99.12	569	APX31177.1	heat resistance system K+/H+ antiporter KefB-GI	NA	NA
ERR16718626	ERR16718626_04647	gnl|Bactopia|ERR16718626_28	13600	14040	-	trxLHR	heat resistance system thioredoxin Trx-GI	plus	STRESS	HEAT	NA	NA	BLASTP	146	146	100.00	98.63	146	APX31176.1	heat resistance system thioredoxin Trx-GI	NA	NA
ERR16718626	ERR16718626_04649	gnl|Bactopia|ERR16718626_28	15224	15865	-	hdeD-GI	heat resistance membrane protein HdeD-GI	plus	STRESS	HEAT	NA	NA	BLASTP	213	203	100.00	96.06	203	APX31174.1	heat resistance membrane protein HdeD-GI	NA	NA
ERR16718626	ERR16718626_04650	gnl|Bactopia|ERR16718626_28	15955	16842	-	yfdX2	heat resistance protein YfdX2	plus	STRESS	HEAT	NA	NA	BLASTP	295	295	100.00	98.98	295	ASF80766.1	heat resistance protein YfdX2	NA	NA
ERR16718626	ERR16718626_04651	gnl|Bactopia|ERR16718626_28	16945	17859	-	yfdX1	heat resistance protein YfdX1	plus	STRESS	HEAT	NA	NA	BLASTP	304	304	100.00	99.34	304	APX31172.1	heat resistance protein YfdX1	NA	NA
ERR16718626	ERR16718626_04652	gnl|Bactopia|ERR16718626_28	17882	18340	-	shsP	small heat shock protein sHSP20-GI	plus	STRESS	HEAT	NA	NA	BLASTP	152	152	100.00	99.34	152	ASF80771.1	small heat shock protein sHSP20-GI	NA	NA
ERR16718626	ERR16718626_04656	gnl|Bactopia|ERR16718626_28	19486	22335	-	clpK	heat shock survival AAA family ATPase ClpK	plus	STRESS	HEAT	NA	NA	BLASTP	949	949	100.00	98.74	949	ASF80763.1	heat shock survival AAA family ATPase ClpK	NF033606.1	heat shock survival AAA family ATPase ClpK
ERR16718626	ERR16718626_04657	gnl|Bactopia|ERR16718626_28	22441	23010	-	hsp20	small heat shock protein sHSP20	plus	STRESS	HEAT	NA	NA	BLASTP	189	189	100.00	99.47	189	CDY80020.1	small heat shock protein sHSP20	NA	NA
ERR16718626	ERR16718626_00841	gnl|Bactopia|ERR16718626_3	79750	80610	+	blaSHV-11	broad-spectrum class A beta-lactamase SHV-11	core	AMR	AMR	BETA-LACTAM	BETA-LACTAM	ALLELEP	286	286	100.00	100.00	286	WP_004176269.1	broad-spectrum class A beta-lactamase SHV-11	NF000285.3	SHV family class A beta-lactamase
ERR16718626	ERR16718626_04725	gnl|Bactopia|ERR16718626_30	23749	24630	+	blaKPC-2	carbapenem-hydrolyzing class A beta-lactamase KPC-2	core	AMR	AMR	BETA-LACTAM	CARBAPENEM	ALLELEP	293	293	100.00	100.00	293	WP_004199234.1	carbapenem-hydrolyzing class A beta-lactamase KPC-2	NF012141.1	KPC family carbapenem-hydrolyzing class A beta-lactamase
ERR16718626	NA	gnl|Bactopia|ERR16718626_30	34292	35113	+	blaOXA	OXA-9 family oxacillin-hydrolyzing class D beta-lactamase	core	AMR	AMR	BETA-LACTAM	BETA-LACTAM	INTERNAL_STOP	274	274	100.00	99.64	274	WP_000722315.1	oxacillin-hydrolyzing class D beta-lactamase OXA-9	NA	NA
ERR16718626	ERR16718626_04828	gnl|Bactopia|ERR16718626_34	5349	6749	-	pcoS	copper resistance membrane spanning protein PcoS	plus	STRESS	METAL	COPPER	COPPER	BLASTP	466	466	100.00	99.14	466	CAA58530.1	copper resistance membrane spanning protein PcoS	NA	NA
ERR16718626	ERR16718626_04829	gnl|Bactopia|ERR16718626_34	6746	7426	-	pcoR	copper response regulator transcription factor PcoR	plus	STRESS	METAL	COPPER	COPPER	EXACTP	226	226	100.00	100.00	226	CAA58529.1	copper response regulator transcription factor PcoR	NA	NA
ERR16718626	ERR16718626_04830	gnl|Bactopia|ERR16718626_34	7481	8410	-	pcoD	copper resistance inner membrane protein PcoD	plus	STRESS	METAL	COPPER	COPPER	BLASTP	309	309	100.00	99.35	309	CAA58528.1	copper resistance inner membrane protein PcoD	NA	NA
ERR16718626	ERR16718626_04831	gnl|Bactopia|ERR16718626_34	8415	8795	-	pcoC	copper resistance system metallochaperone PcoC	plus	STRESS	METAL	COPPER	COPPER	EXACTP	126	126	100.00	100.00	126	CAA58527.1	copper resistance system metallochaperone PcoC	NA	NA
ERR16718626	ERR16718626_04832	gnl|Bactopia|ERR16718626_34	8835	9731	-	pcoB	copper-binding protein PcoB	plus	STRESS	METAL	COPPER	COPPER	BLASTP	298	296	100.00	100.00	296	CAA58526.1	copper-binding protein PcoB	NA	NA
ERR16718626	ERR16718626_04833	gnl|Bactopia|ERR16718626_34	9731	11548	-	pcoA	multicopper oxidase PcoA	plus	STRESS	METAL	COPPER	COPPER	EXACTP	605	605	100.00	100.00	605	CAA58525.1	multicopper oxidase PcoA	NA	NA
ERR16718626	ERR16718626_04837	gnl|Bactopia|ERR16718626_34	13529	15976	-	silP	Ag(+)-translocating P-type ATPase SilP	plus	STRESS	METAL	SILVER	SILVER	BLASTP	815	824	98.79	94.61	816	AAD11750.1	Ag(+)-translocating P-type ATPase SilP	NA	NA
ERR16718626	ERR16718626_04839	gnl|Bactopia|ERR16718626_34	16630	19776	-	silA	Cu(+)/Ag(+) efflux RND transporter permease subunit SilA	plus	STRESS	METAL	COPPER/SILVER	COPPER/SILVER	BLASTP	1048	1048	100.00	98.85	1048	AAD11749.1	Cu(+)/Ag(+) efflux RND transporter permease subunit SilA	NA	NA
ERR16718626	ERR16718626_04840	gnl|Bactopia|ERR16718626_34	19787	21079	-	silB	Cu(+)/Ag(+) efflux RND transporter periplasmic adaptor subunit SilB	plus	STRESS	METAL	COPPER/SILVER	COPPER/SILVER	BLASTP	430	430	100.00	97.91	430	AAD11748.1	Cu(+)/Ag(+) efflux RND transporter periplasmic adaptor subunit SilB	NA	NA
ERR16718626	ERR16718626_04841	gnl|Bactopia|ERR16718626_34	21193	21546	-	silF	Cu(+)/Ag(+) efflux RND transporter periplasmic metallochaperone SilF	plus	STRESS	METAL	COPPER/SILVER	COPPER/SILVER	BLASTP	117	117	100.00	99.15	117	KGL71342.1	Cu(+)/Ag(+) efflux RND transporter periplasmic metallochaperone SilF	NA	NA
ERR16718626	ERR16718626_04842	gnl|Bactopia|ERR16718626_34	21575	22960	-	silC	Cu(+)/Ag(+) efflux RND transporter outer membrane channel SilC	plus	STRESS	METAL	COPPER/SILVER	COPPER/SILVER	BLASTP	461	461	100.00	99.78	461	SPD96884.1	Cu(+)/Ag(+) efflux RND transporter outer membrane channel SilC	NA	NA
ERR16718626	ERR16718626_04843	gnl|Bactopia|ERR16718626_34	23150	23830	+	silR	copper/silver response regulator transcription factor SilR	plus	STRESS	METAL	COPPER/SILVER	COPPER/SILVER	EXACTP	226	226	100.00	100.00	226	SPD96883.1	copper/silver response regulator transcription factor SilR	NA	NA
ERR16718626	ERR16718626_04844	gnl|Bactopia|ERR16718626_34	23823	25298	+	silS	copper/silver sensor histidine kinase SilS	plus	STRESS	METAL	COPPER/SILVER	COPPER/SILVER	EXACTP	491	491	100.00	100.00	491	SPD96882.1	copper/silver sensor histidine kinase SilS	NA	NA
ERR16718626	ERR16718626_04845	gnl|Bactopia|ERR16718626_34	25549	25980	+	silE	silver-binding protein SilE	plus	STRESS	METAL	SILVER	SILVER	BLASTP	143	143	100.00	96.50	143	AAD11743.1	silver-binding protein SilE	NA	NA
ERR16718626	ERR16718626_01422	gnl|Bactopia|ERR16718626_4	306303	309455	-	oqxB	multidrug efflux RND transporter permease subunit OqxB	core	AMR	AMR	PHENICOL/QUINOLONE	PHENICOL/QUINOLONE	EXACTP	1050	1050	100.00	100.00	1050	WP_000347934.1	multidrug efflux RND transporter permease subunit OqxB	NF000037.1	multidrug efflux RND transporter permease subunit OqxB
ERR16718626	ERR16718626_01423	gnl|Bactopia|ERR16718626_4	309479	310654	-	oqxA	multidrug efflux RND transporter periplasmic adaptor subunit OqxA	core	AMR	AMR	PHENICOL/QUINOLONE	PHENICOL/QUINOLONE	EXACTP	391	391	100.00	100.00	391	WP_002914189.1	multidrug efflux RND transporter periplasmic adaptor subunit OqxA	NF000272.1	multidrug efflux RND transporter periplasmic adaptor subunit OqxA
ERR16718626	ERR16718626_05024	gnl|Bactopia|ERR16718626_41	313	1128	-	aph(3')-Ia	aminoglycoside O-phosphotransferase APH(3')-Ia	core	AMR	AMR	AMINOGLYCOSIDE	KANAMYCIN	BLASTP	271	271	100.00	99.63	271	WP_000018326.1	aminoglycoside O-phosphotransferase APH(3')-Ia	NF051474.1	aminoglycoside O-phosphotransferase APH(3')-Ia
ERR16718626	ERR16718626_05038	gnl|Bactopia|ERR16718626_41	11362	12537	-	blaRSC1	RSC1 family class C beta-lactamase	core	AMR	AMR	BETA-LACTAM	CEPHALOSPORIN	BLASTP	391	396	98.74	91.82	391	WP_128268282.1	class C beta-lactamase RSC1-1	NF033085.1	class C beta-lactamase
ERR16718626	ERR16718626_05109	gnl|Bactopia|ERR16718626_47	2485	2907	+	merC	organomercurial transporter MerC	plus	STRESS	METAL	MERCURY	ORGANOMERCURY	EXACTP	140	140	100.00	100.00	140	AAC33908.1	organomercurial transporter MerC	NF033784.1	organomercurial transporter MerC
ERR16718626	ERR16718626_05110	gnl|Bactopia|ERR16718626_47	2959	4653	+	merA	mercury(II) reductase	plus	STRESS	METAL	MERCURY	MERCURY	HMM	564	561	100.00	85.31	565	AAC38220.1	mercury(II) reductase	TIGR02053.1	mercury(II) reductase
ERR16718626	ERR16718626_05111	gnl|Bactopia|ERR16718626_47	4671	5033	+	merD	mercury resistance co-regulator MerD	plus	STRESS	METAL	MERCURY	MERCURY	HMM	120	121	100.00	82.64	121	AAC38221.1	mercury resistance co-regulator MerD	NF033783.1	mercury resistance co-regulator MerD
ERR16718626	ERR16718626_05112	gnl|Bactopia|ERR16718626_47	5030	5266	+	merE	broad-spectrum mercury transporter MerE	plus	STRESS	METAL	MERCURY	MERCURY	HMM	78	78	100.00	78.21	78	AAA88371.1	broad-spectrum mercury transporter MerE	NF010310.2	broad-spectrum mercury transporter MerE
ERR16718626	ERR16718626_05116	gnl|Bactopia|ERR16718626_47	7881	8741	-	blaTEM-1	broad-spectrum class A beta-lactamase TEM-1	core	AMR	AMR	BETA-LACTAM	BETA-LACTAM	ALLELEP	286	286	100.00	100.00	286	WP_000027057.1	broad-spectrum class A beta-lactamase TEM-1	NF000531.2	TEM family class A beta-lactamase
ERR16718626	ERR16718626_01738	gnl|Bactopia|ERR16718626_5	296925	297344	-	fosA	FosA5 family fosfomycin resistance glutathione transferase	core	AMR	AMR	FOSFOMYCIN	FOSFOMYCIN	BLASTP	139	139	100.00	99.28	139	WP_004146118.1	FosA5 family fosfomycin resistance glutathione transferase	NF040540.1	FosA5 family fosfomycin resistance glutathione transferase
ERR16718626	ERR16718626_01824	gnl|Bactopia|ERR16718626_6	79842	81026	-	emrD	multidrug efflux MFS transporter EmrD	plus	AMR	AMR	EFFLUX	EFFLUX	BLASTP	394	394	100.00	99.49	394	ACN65732.1	multidrug efflux MFS transporter EmrD	NA	NA
ERR16718635	NA	gnl|Bactopia|ERR16718635_12	1938	2408	+	dfrA1	trimethoprim-resistant dihydrofolate reductase DfrA1	core	AMR	AMR	TRIMETHOPRIM	TRIMETHOPRIM	EXACTX	157	157	100.00	100.00	157	WP_000777555.1	trimethoprim-resistant dihydrofolate reductase DfrA1	NA	NA
ERR16718635	NA	gnl|Bactopia|ERR16718635_12	2504	3292	+	aadA1	ANT(3'')-Ia family aminoglycoside nucleotidyltransferase AadA1	core	AMR	AMR	AMINOGLYCOSIDE	STREPTOMYCIN	EXACTX	263	263	100.00	100.00	263	WP_001206316.1	ANT(3'')-Ia family aminoglycoside nucleotidyltransferase AadA1	NF033126.1	ANT(3'')-Ia family aminoglycoside nucleotidyltransferase AadA1
ERR16718635	ERR16718635_03085	gnl|Bactopia|ERR16718635_12	3459	3806	+	qacEdelta1	quaternary ammonium compound efflux SMR transporter QacE delta 1	core	STRESS	BIOCIDE	QUATERNARY AMMONIUM	QUATERNARY AMMONIUM	ALLELEP	115	115	100.00	100.00	115	WP_000679427.1	quaternary ammonium compound efflux SMR transporter QacE delta 1	NF000276.2	quaternary ammonium compound efflux SMR transporter QacE
ERR16718635	ERR16718635_03086	gnl|Bactopia|ERR16718635_12	3800	4639	+	sul1	sulfonamide-resistant dihydropteroate synthase Sul1	core	AMR	AMR	SULFONAMIDE	SULFONAMIDE	EXACTP	279	279	100.00	100.00	279	WP_000259031.1	sulfonamide-resistant dihydropteroate synthase Sul1	NF000294.1	sulfonamide-resistant dihydropteroate synthase Sul1
ERR16718635	ERR16718635_03090	gnl|Bactopia|ERR16718635_12	7054	7290	-	merE	broad-spectrum mercury transporter MerE	plus	STRESS	METAL	MERCURY	MERCURY	BLASTP	78	78	100.00	96.15	78	AAC38236.1	broad-spectrum mercury transporter MerE	NF010310.2	broad-spectrum mercury transporter MerE
ERR16718635	ERR16718635_03091	gnl|Bactopia|ERR16718635_12	7287	7652	-	merD	mercury resistance co-regulator MerD	plus	STRESS	METAL	MERCURY	MERCURY	BLASTP	121	121	100.00	90.08	121	AAC38221.1	mercury resistance co-regulator MerD	NF033783.1	mercury resistance co-regulator MerD
ERR16718635	ERR16718635_03092	gnl|Bactopia|ERR16718635_12	7670	9355	-	merA	mercury(II) reductase	plus	STRESS	METAL	MERCURY	MERCURY	BLASTP	561	561	100.00	93.23	561	ACU65296.1	mercury(II) reductase	TIGR02053.1	mercury(II) reductase
ERR16718635	ERR16718635_03093	gnl|Bactopia|ERR16718635_12	9394	9819	-	merC	organomercurial transporter MerC	plus	STRESS	METAL	MERCURY	ORGANOMERCURY	HMM	141	141	100.00	80.14	141	AAC38233.1	organomercurial transporter MerC	NF033784.1	organomercurial transporter MerC
ERR16718635	ERR16718635_03094	gnl|Bactopia|ERR16718635_12	9847	10122	-	merP	mercury resistance system periplasmic binding protein MerP	plus	STRESS	METAL	MERCURY	MERCURY	HMM	91	91	100.00	85.71	91	AAC38219.1	mercury resistance system periplasmic binding protein MerP	TIGR02052.1	mercury resistance system periplasmic binding protein MerP
ERR16718635	ERR16718635_03095	gnl|Bactopia|ERR16718635_12	10138	10503	-	merT	mercuric transport protein MerT	plus	STRESS	METAL	MERCURY	MERCURY	BLASTP	121	116	99.14	99.13	115	CAA70196.1	mercuric transport protein MerT	NA	NA
ERR16718635	ERR16718635_03096	gnl|Bactopia|ERR16718635_12	10575	11030	+	merR	mercury resistance transcriptional regulator MerR	plus	STRESS	METAL	MERCURY	MERCURY	BLASTP	151	144	98.61	92.96	142	CAA77320.1	mercury resistance transcriptional regulator MerR	NF010315.0	mercury resistance transcriptional regulator MerR
ERR16718635	ERR16718635_03099	gnl|Bactopia|ERR16718635_12	12198	13397	+	tet(A)	tetracycline efflux MFS transporter Tet(A)	core	AMR	AMR	TETRACYCLINE	TETRACYCLINE	EXACTP	399	399	100.00	100.00	399	WP_000804064.1	tetracycline efflux MFS transporter Tet(A)	NF012193.0	tetracycline efflux MFS transporter Tet(A)
ERR16718635	ERR16718635_03182	gnl|Bactopia|ERR16718635_12	90940	92124	+	emrD	multidrug efflux MFS transporter EmrD	plus	AMR	AMR	EFFLUX	EFFLUX	BLASTP	394	394	100.00	99.49	394	ACN65732.1	multidrug efflux MFS transporter EmrD	NA	NA
ERR16718635	ERR16718635_03619	gnl|Bactopia|ERR16718635_15	68320	69552	-	kdeA	multidrug efflux MFS transporter KdeA	plus	AMR	AMR	EFFLUX	EFFLUX	EXACTP	410	410	100.00	100.00	410	ABR76310.1	multidrug efflux MFS transporter KdeA	NA	NA
ERR16718635	ERR16718635_03903	gnl|Bactopia|ERR16718635_17	78800	80602	-	ybtQ	yersiniabactin ABC transporter ATP-binding/permease protein YbtQ	plus	VIRULENCE	VIRULENCE	NA	NA	BLASTP	600	600	100.00	99.67	600	AAC69584.1	yersiniabactin ABC transporter ATP-binding/permease protein YbtQ	NA	NA
ERR16718635	ERR16718635_03904	gnl|Bactopia|ERR16718635_17	80589	82301	-	ybtP	yersiniabactin ABC transporter ATP-binding/permease protein YbtP	plus	VIRULENCE	VIRULENCE	NA	NA	BLASTP	570	600	95.00	99.82	570	CAA21388.1	yersiniabactin ABC transporter ATP-binding/permease protein YbtP	NA	NA
ERR16718635	ERR16718635_04117	gnl|Bactopia|ERR16718635_19	58849	59751	+	fieF	CDF family cation-efflux transporter FieF	plus	STRESS	METAL	NA	NA	EXACTP	300	300	100.00	100.00	300	BAB89353.1	CDF family cation-efflux transporter FieF	NA	NA
ERR16718635	ERR16718635_00446	gnl|Bactopia|ERR16718635_2	30630	31805	+	oqxA	multidrug efflux RND transporter periplasmic adaptor subunit OqxA	core	AMR	AMR	PHENICOL/QUINOLONE	PHENICOL/QUINOLONE	EXACTP	391	391	100.00	100.00	391	WP_002914189.1	multidrug efflux RND transporter periplasmic adaptor subunit OqxA	NF000272.1	multidrug efflux RND transporter periplasmic adaptor subunit OqxA
ERR16718635	ERR16718635_00447	gnl|Bactopia|ERR16718635_2	31829	34981	+	oqxB	multidrug efflux RND transporter permease subunit OqxB	core	AMR	AMR	PHENICOL/QUINOLONE	PHENICOL/QUINOLONE	BLASTP	1050	1050	100.00	99.90	1050	WP_021312368.1	multidrug efflux RND transporter permease subunit OqxB20	NF000037.1	multidrug efflux RND transporter permease subunit OqxB
ERR16718635	ERR16718635_00770	gnl|Bactopia|ERR16718635_2	368651	369073	-	arsC	glutaredoxin-dependent arsenate reductase	plus	STRESS	METAL	ARSENIC	ARSENATE	HMM	140	141	98.58	78.42	139	AAA21096.1	glutaredoxin-dependent arsenate reductase	NF007456.1	glutaredoxin-dependent arsenate reductase
ERR16718635	ERR16718635_00786	gnl|Bactopia|ERR16718635_2	381973	382386	+	crcB	fluoride efflux transporter CrcB	plus	STRESS	BIOCIDE	FLUORIDE	FLUORIDE	EXACTP	137	137	100.00	100.00	137	CCN31428.1	fluoride efflux transporter CrcB	NA	NA
ERR16718635	ERR16718635_04440	gnl|Bactopia|ERR16718635_23	43804	44097	-	asr	acid resistance repetitive basic protein Asr	plus	STRESS	ACID	NA	NA	HMM	97	102	100.00	64.15	106	BAA15331.2	acid resistance repetitive basic protein Asr	NF033636.1	acid resistance repetitive basic protein Asr
ERR16718635	ERR16718635_00854	gnl|Bactopia|ERR16718635_3	3312	3971	-	catA1	type A-1 chloramphenicol O-acetyltransferase	core	AMR	AMR	PHENICOL	CHLORAMPHENICOL	EXACTP	219	219	100.00	100.00	219	WP_000412211.1	type A-1 chloramphenicol O-acetyltransferase	NF000491.1	type A chloramphenicol O-acetyltransferase
ERR16718635	ERR16718635_05071	gnl|Bactopia|ERR16718635_38	4062	4859	+	blaOXA-181	OXA-48 family carbapenem-hydrolyzing class D beta-lactamase OXA-181	core	AMR	AMR	BETA-LACTAM	CARBAPENEM	ALLELEP	265	265	100.00	100.00	265	WP_015060052.1	OXA-48 family carbapenem-hydrolyzing class D beta-lactamase OXA-181	NF000387.2	OXA-48 family class D beta-lactamase
ERR16718635	ERR16718635_05078	gnl|Bactopia|ERR16718635_38	10818	11474	-	qnrS1	quinolone resistance pentapeptide repeat protein QnrS1	core	AMR	AMR	QUINOLONE	QUINOLONE	ALLELEP	218	218	100.00	100.00	218	WP_001516695.1	quinolone resistance pentapeptide repeat protein QnrS1	NF000056.3	QnrS family quinolone resistance pentapeptide repeat protein
ERR16718635	NA	gnl|Bactopia|ERR16718635_57	2	529	+	blaSHV	SHV family class A beta-lactamase	core	AMR	AMR	BETA-LACTAM	BETA-LACTAM	PARTIAL_CONTIG_ENDX	176	286	61.54	100.00	176	WP_001620095.1	broad-spectrum class A beta-lactamase SHV-1	NA	NA
ERR16718635	ERR16718635_02022	gnl|Bactopia|ERR16718635_6	238720	239139	-	fosA	FosA5 family fosfomycin resistance glutathione transferase	core	AMR	AMR	FOSFOMYCIN	FOSFOMYCIN	EXACTP	139	139	100.00	100.00	139	WP_004146118.1	FosA5 family fosfomycin resistance glutathione transferase	NF040540.1	FosA5 family fosfomycin resistance glutathione transferase
ERR16718636	ERR16718636_00190	gnl|Bactopia|ERR16718636_1	229028	230260	-	kdeA	multidrug efflux MFS transporter KdeA	plus	AMR	AMR	EFFLUX	EFFLUX	EXACTP	410	410	100.00	100.00	410	ABR76310.1	multidrug efflux MFS transporter KdeA	NA	NA
ERR16718636	ERR16718636_03332	gnl|Bactopia|ERR16718636_10	213184	214044	+	blaSHV-33	broad-spectrum class A beta-lactamase SHV-33	core	AMR	AMR	BETA-LACTAM	BETA-LACTAM	ALLELEP	286	286	100.00	100.00	286	WP_023325206.1	broad-spectrum class A beta-lactamase SHV-33	NF000285.3	SHV family class A beta-lactamase
ERR16718636	ERR16718636_03794	gnl|Bactopia|ERR16718636_13	83047	84849	-	ybtQ	yersiniabactin ABC transporter ATP-binding/permease protein YbtQ	plus	VIRULENCE	VIRULENCE	NA	NA	BLASTP	600	600	100.00	99.67	600	AAC69584.1	yersiniabactin ABC transporter ATP-binding/permease protein YbtQ	NA	NA
ERR16718636	ERR16718636_03795	gnl|Bactopia|ERR16718636_13	84836	86548	-	ybtP	yersiniabactin ABC transporter ATP-binding/permease protein YbtP	plus	VIRULENCE	VIRULENCE	NA	NA	BLASTP	570	600	95.00	99.82	570	CAA21388.1	yersiniabactin ABC transporter ATP-binding/permease protein YbtP	NA	NA
ERR16718636	NA	gnl|Bactopia|ERR16718636_14	1938	2408	+	dfrA1	trimethoprim-resistant dihydrofolate reductase DfrA1	core	AMR	AMR	TRIMETHOPRIM	TRIMETHOPRIM	EXACTX	157	157	100.00	100.00	157	WP_000777555.1	trimethoprim-resistant dihydrofolate reductase DfrA1	NA	NA
ERR16718636	NA	gnl|Bactopia|ERR16718636_14	2504	3292	+	aadA1	ANT(3'')-Ia family aminoglycoside nucleotidyltransferase AadA1	core	AMR	AMR	AMINOGLYCOSIDE	STREPTOMYCIN	EXACTX	263	263	100.00	100.00	263	WP_001206316.1	ANT(3'')-Ia family aminoglycoside nucleotidyltransferase AadA1	NF033126.1	ANT(3'')-Ia family aminoglycoside nucleotidyltransferase AadA1
ERR16718636	ERR16718636_03865	gnl|Bactopia|ERR16718636_14	3459	3806	+	qacEdelta1	quaternary ammonium compound efflux SMR transporter QacE delta 1	core	STRESS	BIOCIDE	QUATERNARY AMMONIUM	QUATERNARY AMMONIUM	ALLELEP	115	115	100.00	100.00	115	WP_000679427.1	quaternary ammonium compound efflux SMR transporter QacE delta 1	NF000276.2	quaternary ammonium compound efflux SMR transporter QacE
ERR16718636	ERR16718636_03866	gnl|Bactopia|ERR16718636_14	3800	4639	+	sul1	sulfonamide-resistant dihydropteroate synthase Sul1	core	AMR	AMR	SULFONAMIDE	SULFONAMIDE	EXACTP	279	279	100.00	100.00	279	WP_000259031.1	sulfonamide-resistant dihydropteroate synthase Sul1	NF000294.1	sulfonamide-resistant dihydropteroate synthase Sul1
ERR16718636	ERR16718636_03870	gnl|Bactopia|ERR16718636_14	7054	7290	-	merE	broad-spectrum mercury transporter MerE	plus	STRESS	METAL	MERCURY	MERCURY	BLASTP	78	78	100.00	96.15	78	AAC38236.1	broad-spectrum mercury transporter MerE	NF010310.2	broad-spectrum mercury transporter MerE
ERR16718636	ERR16718636_03871	gnl|Bactopia|ERR16718636_14	7287	7652	-	merD	mercury resistance co-regulator MerD	plus	STRESS	METAL	MERCURY	MERCURY	BLASTP	121	121	100.00	90.08	121	AAC38221.1	mercury resistance co-regulator MerD	NF033783.1	mercury resistance co-regulator MerD
ERR16718636	ERR16718636_03872	gnl|Bactopia|ERR16718636_14	7670	9355	-	merA	mercury(II) reductase	plus	STRESS	METAL	MERCURY	MERCURY	BLASTP	561	561	100.00	93.23	561	ACU65296.1	mercury(II) reductase	TIGR02053.1	mercury(II) reductase
ERR16718636	ERR16718636_03873	gnl|Bactopia|ERR16718636_14	9394	9819	-	merC	organomercurial transporter MerC	plus	STRESS	METAL	MERCURY	ORGANOMERCURY	HMM	141	141	100.00	80.14	141	AAC38233.1	organomercurial transporter MerC	NF033784.1	organomercurial transporter MerC
ERR16718636	ERR16718636_03874	gnl|Bactopia|ERR16718636_14	9847	10122	-	merP	mercury resistance system periplasmic binding protein MerP	plus	STRESS	METAL	MERCURY	MERCURY	HMM	91	91	100.00	85.71	91	AAC38219.1	mercury resistance system periplasmic binding protein MerP	TIGR02052.1	mercury resistance system periplasmic binding protein MerP
ERR16718636	ERR16718636_03875	gnl|Bactopia|ERR16718636_14	10138	10503	-	merT	mercuric transport protein MerT	plus	STRESS	METAL	MERCURY	MERCURY	BLASTP	121	116	99.14	99.13	115	CAA70196.1	mercuric transport protein MerT	NA	NA
ERR16718636	ERR16718636_03876	gnl|Bactopia|ERR16718636_14	10575	11030	+	merR	mercury resistance transcriptional regulator MerR	plus	STRESS	METAL	MERCURY	MERCURY	BLASTP	151	144	98.61	92.96	142	CAA77320.1	mercury resistance transcriptional regulator MerR	NF010315.0	mercury resistance transcriptional regulator MerR
ERR16718636	ERR16718636_03879	gnl|Bactopia|ERR16718636_14	12198	13397	+	tet(A)	tetracycline efflux MFS transporter Tet(A)	core	AMR	AMR	TETRACYCLINE	TETRACYCLINE	EXACTP	399	399	100.00	100.00	399	WP_000804064.1	tetracycline efflux MFS transporter Tet(A)	NF012193.0	tetracycline efflux MFS transporter Tet(A)
ERR16718636	ERR16718636_03962	gnl|Bactopia|ERR16718636_14	90940	92124	+	emrD	multidrug efflux MFS transporter EmrD	plus	AMR	AMR	EFFLUX	EFFLUX	BLASTP	394	394	100.00	99.49	394	ACN65732.1	multidrug efflux MFS transporter EmrD	NA	NA
ERR16718636	ERR16718636_04255	gnl|Bactopia|ERR16718636_16	73187	73480	-	asr	acid resistance repetitive basic protein Asr	plus	STRESS	ACID	NA	NA	HMM	97	102	100.00	64.15	106	BAA15331.2	acid resistance repetitive basic protein Asr	NF033636.1	acid resistance repetitive basic protein Asr
ERR16718636	ERR16718636_04352	gnl|Bactopia|ERR16718636_17	58851	59753	+	fieF	CDF family cation-efflux transporter FieF	plus	STRESS	METAL	NA	NA	EXACTP	300	300	100.00	100.00	300	BAB89353.1	CDF family cation-efflux transporter FieF	NA	NA
ERR16718636	ERR16718636_00968	gnl|Bactopia|ERR16718636_3	30630	31805	+	oqxA	multidrug efflux RND transporter periplasmic adaptor subunit OqxA	core	AMR	AMR	PHENICOL/QUINOLONE	PHENICOL/QUINOLONE	EXACTP	391	391	100.00	100.00	391	WP_002914189.1	multidrug efflux RND transporter periplasmic adaptor subunit OqxA	NF000272.1	multidrug efflux RND transporter periplasmic adaptor subunit OqxA
ERR16718636	ERR16718636_00969	gnl|Bactopia|ERR16718636_3	31829	34981	+	oqxB	multidrug efflux RND transporter permease subunit OqxB	core	AMR	AMR	PHENICOL/QUINOLONE	PHENICOL/QUINOLONE	BLASTP	1050	1050	100.00	99.90	1050	WP_021312368.1	multidrug efflux RND transporter permease subunit OqxB20	NF000037.1	multidrug efflux RND transporter permease subunit OqxB
ERR16718636	ERR16718636_01292	gnl|Bactopia|ERR16718636_3	368651	369073	-	arsC	glutaredoxin-dependent arsenate reductase	plus	STRESS	METAL	ARSENIC	ARSENATE	HMM	140	141	98.58	78.42	139	AAA21096.1	glutaredoxin-dependent arsenate reductase	NF007456.1	glutaredoxin-dependent arsenate reductase
ERR16718636	ERR16718636_01308	gnl|Bactopia|ERR16718636_3	381973	382386	+	crcB	fluoride efflux transporter CrcB	plus	STRESS	BIOCIDE	FLUORIDE	FLUORIDE	EXACTP	137	137	100.00	100.00	137	CCN31428.1	fluoride efflux transporter CrcB	NA	NA
ERR16718636	ERR16718636_05082	gnl|Bactopia|ERR16718636_31	4062	4859	+	blaOXA-181	OXA-48 family carbapenem-hydrolyzing class D beta-lactamase OXA-181	core	AMR	AMR	BETA-LACTAM	CARBAPENEM	ALLELEP	265	265	100.00	100.00	265	WP_015060052.1	OXA-48 family carbapenem-hydrolyzing class D beta-lactamase OXA-181	NF000387.2	OXA-48 family class D beta-lactamase
ERR16718636	ERR16718636_05089	gnl|Bactopia|ERR16718636_31	10818	11474	-	qnrS1	quinolone resistance pentapeptide repeat protein QnrS1	core	AMR	AMR	QUINOLONE	QUINOLONE	ALLELEP	218	218	100.00	100.00	218	WP_001516695.1	quinolone resistance pentapeptide repeat protein QnrS1	NF000056.3	QnrS family quinolone resistance pentapeptide repeat protein
ERR16718636	ERR16718636_05114	gnl|Bactopia|ERR16718636_36	1015	1875	-	blaSHV-2A	extended-spectrum class A beta-lactamase SHV-2a	core	AMR	AMR	BETA-LACTAM	CEPHALOSPORIN	ALLELEP	286	286	100.00	100.00	286	WP_032488413.1	extended-spectrum class A beta-lactamase SHV-2a	NF000285.3	SHV family class A beta-lactamase
ERR16718636	ERR16718636_01677	gnl|Bactopia|ERR16718636_4	334156	334575	-	fosA	FosA5 family fosfomycin resistance glutathione transferase	core	AMR	AMR	FOSFOMYCIN	FOSFOMYCIN	EXACTP	139	139	100.00	100.00	139	WP_004146118.1	FosA5 family fosfomycin resistance glutathione transferase	NF040540.1	FosA5 family fosfomycin resistance glutathione transferase
ERR16718636	ERR16718636_01692	gnl|Bactopia|ERR16718636_5	3312	3971	-	catA1	type A-1 chloramphenicol O-acetyltransferase	core	AMR	AMR	PHENICOL	CHLORAMPHENICOL	EXACTP	219	219	100.00	100.00	219	WP_000412211.1	type A-1 chloramphenicol O-acetyltransferase	NF000491.1	type A chloramphenicol O-acetyltransferase